"アーセナルベースザクザク","住所","アーセナルベースザクザク 住所mix"
"ACT御殿場店","静岡県御殿場市東山字石橋296-1ACT御殿場","ACT御殿場店 静岡県御殿場市東山字石橋296-1ACT御殿場"
"ACグランド茜部店","岐阜県岐阜市茜部大川1-77","ACグランド茜部店 岐阜県岐阜市茜部大川1-77"
"ADXマミー岡崎","愛知県岡崎市井田新町6-1","ADXマミー岡崎 愛知県岡崎市井田新町6-1"
"AMUSEMENT PARK(静岡店)","静岡県静岡市葵区柚木191MARKIS静岡3階","AMUSEMENT PARK(静岡店) 静岡県静岡市葵区柚木191MARKIS静岡3階"
"AmusementcityG-STA","鹿児島県薩摩川内市向田本町49","AmusementcityG-STA 鹿児島県薩摩川内市向田本町49"
"BIG BANG 北見","北海道北見市中央三輪7丁目446番地1BIGBANG北見","BIG BANG 北見 北海道北見市中央三輪7丁目446番地1BIGBANG北見"
"BIGBANG函館","北海道函館市梁川町4-1パボッツ函館 3階","BIGBANG函館 北海道函館市梁川町4-1パボッツ函館 3階"
"BIGBANG室蘭","北海道室蘭市中島本町2-8-1","BIGBANG室蘭 北海道室蘭市中島本町2-8-1"
"BIGBANG釧路店","北海道釧路郡釧路町木場2-1-1","BIGBANG釧路店 北海道釧路郡釧路町木場2-1-1"
"DAIKEIEN P2","千葉県市川市大町359","DAIKEIEN P2 千葉県市川市大町359"
"FASボウリングセンター","佐賀県唐津市栄町2581‐1","FASボウリングセンター 佐賀県唐津市栄町2581‐1"
"FESTAフリーモールわさだ店","大分県大分市木上鉾手2102FESTAフリーモールわさだ","FESTAフリーモールわさだ店 大分県大分市木上鉾手2102FESTAフリーモールわさだ"
"FESTA上尾店","埼玉県上尾市愛宕3-1-40バリュープラザ上尾愛宕2階","FESTA上尾店 埼玉県上尾市愛宕3-1-40バリュープラザ上尾愛宕2階"
"FESTA人吉店","熊本県人吉市宝来町1307番地1HITOYOSHI-REX","FESTA人吉店 熊本県人吉市宝来町1307番地1HITOYOSHI-REX"
"FESTA佐伯店","大分県佐伯市鶴岡西町2丁目163番地コスモタウン佐伯内","FESTA佐伯店 大分県佐伯市鶴岡西町2丁目163番地コスモタウン佐伯内"
"FESTA古河","茨城県古河市松並2-18-10マーケットシティ古河","FESTA古河 茨城県古河市松並2-18-10マーケットシティ古河"
"FESTA山鹿店","熊本県山鹿市方保田鳥越3468-1FESTA山鹿","FESTA山鹿店 熊本県山鹿市方保田鳥越3468-1FESTA山鹿"
"FUNFUN越谷店","埼玉県越谷市南荻島2770-1","FUNFUN越谷店 埼玉県越谷市南荻島2770-1"
"G-palaあべの","大阪府大阪市阿倍野区阿倍野筋3-10-1あべのベルタ2F","G-palaあべの 大阪府大阪市阿倍野区阿倍野筋3-10-1あべのベルタ2F"
"G-pala出雲店","島根県出雲市渡橋町784-1G-pala出雲","G-pala出雲店 島根県出雲市渡橋町784-1G-pala出雲"
"G-pala博多店","福岡県福岡市博多区東光寺町2丁目6-40","G-pala博多店 福岡県福岡市博多区東光寺町2丁目6-40"
"G-pala小倉店","福岡県北九州市小倉南区上葛原1-14-1ゆめマート小倉東","G-pala小倉店 福岡県北九州市小倉南区上葛原1-14-1ゆめマート小倉東"
"G-pala時津店","長崎県西彼杵郡時津町野田郷59","G-pala時津店 長崎県西彼杵郡時津町野田郷59"
"G-pala花北","兵庫県姫路市増位新町1丁目6 ヴィーナスギャラリ 2F","G-pala花北 兵庫県姫路市増位新町1丁目6 ヴィーナスギャラリ 2F"
"G-stage七隈","福岡県福岡市城南区七隈8-4-8","G-stage七隈 福岡県福岡市城南区七隈8-4-8"
"G-stage小倉","福岡県北九州市小倉北区浅野2-14-5 あるあるCity2F","G-stage小倉 福岡県北九州市小倉北区浅野2-14-5 あるあるCity2F"
"G-stage浜町","長崎県長崎市浜町2-26","G-stage浜町 長崎県長崎市浜町2-26"
"G-stage飯塚店","福岡県飯塚市枝国680-2G-stage飯塚","G-stage飯塚店 福岡県飯塚市枝国680-2G-stage飯塚"
"G3POROSイオンタウン北上店","岩手県北上市里分4地割20-1","G3POROSイオンタウン北上店 岩手県北上市里分4地割20-1"
"G3POROS原町店","福島県南相馬市原町区北原字本屋敷188","G3POROS原町店 福島県南相馬市原町区北原字本屋敷188"
"G3POROS横手南店","秋田県横手市婦気大堤字中田4-1イオンスーパーセンター横手南店 2Fゲームコーナー","G3POROS横手南店 秋田県横手市婦気大堤字中田4-1イオンスーパーセンター横手南店 2Fゲームコーナー"
"GAME ALEX","山口県宇部市西字部南3-5-53","GAME ALEX 山口県宇部市西字部南3-5-53"
"GAMEBANK仙台泉","宮城県仙台市泉区大沢2-5-4GAMEBANK仙台泉","GAMEBANK仙台泉 宮城県仙台市泉区大沢2-5-4GAMEBANK仙台泉"
"GiGO MOMOテラス京都伏見","京都府京都市伏見区桃山町山ノ下32MOMOテラスAM棟2F","GiGO MOMOテラス京都伏見 京都府京都市伏見区桃山町山ノ下32MOMOテラスAM棟2F"
"GiGO サントムーン柿田川","静岡県駿東郡清水町玉川61-2 サントムーン柿田川2F","GiGO サントムーン柿田川 静岡県駿東郡清水町玉川61-2 サントムーン柿田川2F"
"GiGO センター南","神奈川県神奈川県横浜市都筑区茅ケ崎中央3-25","GiGO センター南 神奈川県神奈川県横浜市都筑区茅ケ崎中央3-25"
"GiGO 仙台","宮城県仙台市青葉区中央2-5-5 三経60ビル","GiGO 仙台 宮城県仙台市青葉区中央2-5-5 三経60ビル"
"GiGO 千葉","千葉県千葉市中央区富士見2-4-1富士ビル","GiGO 千葉 千葉県千葉市中央区富士見2-4-1富士ビル"
"GiGO 川口","埼玉県川口市東領家2-2-10セガ川口","GiGO 川口 埼玉県川口市東領家2-2-10セガ川口"
"GiGO 広島本通","広島県広島市中区本通9-30","GiGO 広島本通 広島県広島市中区本通9-30"
"GiGO 新宿西口","東京都新宿区西新宿1-12-5クラブセガ新宿西口","GiGO 新宿西口 東京都新宿区西新宿1-12-5クラブセガ新宿西口"
"GiGO 柏","千葉県柏市柏 1-1-11ファミリかしわB1FB1F","GiGO 柏 千葉県柏市柏 1-1-11ファミリかしわB1FB1F"
"GiGO 立川","東京都立川市柴崎町3-2-1サザンビル1階","GiGO 立川 東京都立川市柴崎町3-2-1サザンビル1階"
"GiGO 自由が丘","東京都目黒区自由が丘2-10-9クラブセガ自由ヶ丘","GiGO 自由が丘 東京都目黒区自由が丘2-10-9クラブセガ自由ヶ丘"
"GiGO 難波アビオン","大阪府大阪市浪速区難波中2-3-15 MMOビル1F・2F","GiGO 難波アビオン 大阪府大阪市浪速区難波中2-3-15 MMOビル1F・2F"
"GiGOあべのアポロ 3F","大阪府大阪市阿倍野区阿倍野筋1-5-31アポロビル3F","GiGOあべのアポロ 3F 大阪府大阪市阿倍野区阿倍野筋1-5-31アポロビル3F"
"GiGOつかしん","兵庫県尼崎市塚口本町4-8-1つかしん内","GiGOつかしん 兵庫県尼崎市塚口本町4-8-1つかしん内"
"GiGOイオンタウン刈谷","愛知県刈谷市東境町京和1イオンタウン刈谷","GiGOイオンタウン刈谷 愛知県刈谷市東境町京和1イオンタウン刈谷"
"GiGOイオンタウン小郡","山口県山口市小郡前田町3-6","GiGOイオンタウン小郡 山口県山口市小郡前田町3-6"
"GiGOイオンタウン金沢示野","石川県金沢市示野中町87街区2号イオンタウン金沢示野","GiGOイオンタウン金沢示野 石川県金沢市示野中町87街区2号イオンタウン金沢示野"
"GiGOエイスクエア草津","滋賀県草津市西渋川1-23-23エイスクエア2F","GiGOエイスクエア草津 滋賀県草津市西渋川1-23-23エイスクエア2F"
"GiGOフェニックスプラザ摩耶","兵庫県神戸市灘区味泥町6-1フェニックスプラザ摩耶1F","GiGOフェニックスプラザ摩耶 兵庫県神戸市灘区味泥町6-1フェニックスプラザ摩耶1F"
"GiGOマーケットスクエアささしま","愛知県名古屋市中村区平池町4丁目60番地14号","GiGOマーケットスクエアささしま 愛知県名古屋市中村区平池町4丁目60番地14号"
"GiGO上田","長野県上田市大字上田1847-1","GiGO上田 長野県上田市大字上田1847-1"
"GiGO中津","大分県中津市沖代町1-2-16","GiGO中津 大分県中津市沖代町1-2-16"
"GiGO中筋","広島県広島市安佐南区中筋4-11-7フタバ図書MEGA内2F レンタルコーナー奥","GiGO中筋 広島県広島市安佐南区中筋4-11-7フタバ図書MEGA内2F レンタルコーナー奥"
"GiGO中間","福岡県中間市上蓮花寺3-1-1","GiGO中間 福岡県中間市上蓮花寺3-1-1"
"GiGO丸亀","香川県丸亀市蓬莱町56―1パブリックプラザ丸亀","GiGO丸亀 香川県丸亀市蓬莱町56―1パブリックプラザ丸亀"
"GiGO今福","大阪府大阪市城東区今福東1-9-34 GiGO今福","GiGO今福 大阪府大阪市城東区今福東1-9-34 GiGO今福"
"GiGO伊勢","三重県伊勢市中須町666AGスクエア伊勢","GiGO伊勢 三重県伊勢市中須町666AGスクエア伊勢"
"GiGO佐沼","宮城県登米市迫町佐沼字中江2-5-8","GiGO佐沼 宮城県登米市迫町佐沼字中江2-5-8"
"GiGO倉敷","岡山県倉敷市西中新田字八反割535-2","GiGO倉敷 岡山県倉敷市西中新田字八反割535-2"
"GiGO入間","埼玉県入間市東藤沢2-18セガ入間","GiGO入間 埼玉県入間市東藤沢2-18セガ入間"
"GiGO八戸","青森県八戸市城下4-25-14 GiGO八戸","GiGO八戸 青森県八戸市城下4-25-14 GiGO八戸"
"GiGO八柱","千葉県松戸市日暮1-1-1八柱駅第2ビル2F","GiGO八柱 千葉県松戸市日暮1-1-1八柱駅第2ビル2F"
"GiGO北山形","山形県山形市北町1-3-20 GiGO北山形","GiGO北山形 山形県山形市北町1-3-20 GiGO北山形"
"GiGO南越谷ラクーン","埼玉県越谷市南越谷1-15-1 ラクーン南越谷2F","GiGO南越谷ラクーン 埼玉県越谷市南越谷1-15-1 ラクーン南越谷2F"
"GiGO名取","宮城県名取市飯野坂土城堀57-1 GiGO名取","GiGO名取 宮城県名取市飯野坂土城堀57-1 GiGO名取"
"GiGO和泉","大阪府和泉市肥子町2-4-41 GiGO和泉","GiGO和泉 大阪府和泉市肥子町2-4-41 GiGO和泉"
"GiGO大森","東京都大田区山王2-1-5大森駅ララビル","GiGO大森 東京都大田区山王2-1-5大森駅ララビル"
"GiGO大阪第4ビル","大阪府大阪市北区梅田1-11-4駅前第4ビル地下1階","GiGO大阪第4ビル 大阪府大阪市北区梅田1-11-4駅前第4ビル地下1階"
"GiGO太田","群馬県太田市西矢島町575-1 GiGO太田","GiGO太田 群馬県太田市西矢島町575-1 GiGO太田"
"GiGO姫路駅前","兵庫県姫路市駅前町254姫路OSビル地下1階","GiGO姫路駅前 兵庫県姫路市駅前町254姫路OSビル地下1階"
"GiGO宇都宮","栃木県宇都宮市東宿郷5-1-7セガワールド宇都宮","GiGO宇都宮 栃木県宇都宮市東宿郷5-1-7セガワールド宇都宮"
"GiGO安城","愛知県安城市百石町2-35-13 GiGO安城","GiGO安城 愛知県安城市百石町2-35-13 GiGO安城"
"GiGO小名浜","福島県いわき市小名浜林城字塚前18-1 GiGO小名浜","GiGO小名浜 福島県いわき市小名浜林城字塚前18-1 GiGO小名浜"
"GiGO小山","栃木県小山市東城南1―1―18","GiGO小山 栃木県小山市東城南1―1―18"
"GiGO尾西","愛知県一宮市篭屋3-9-7アソビックスびさい1階","GiGO尾西 愛知県一宮市篭屋3-9-7アソビックスびさい1階"
"GiGO尾道","広島県尾道市新浜1-2-13","GiGO尾道 広島県尾道市新浜1-2-13"
"GiGO岡山藤崎","岡山県岡山市中区藤崎599-12","GiGO岡山藤崎 岡山県岡山市中区藤崎599-12"
"GiGO岡崎","愛知県岡崎市上地3-50-4セガ岡崎","GiGO岡崎 愛知県岡崎市上地3-50-4セガ岡崎"
"GiGO岡谷","長野県岡谷市塚間町2-1-21セガ岡谷","GiGO岡谷 長野県岡谷市塚間町2-1-21セガ岡谷"
"GiGO布施","大阪府東大阪市長堂1-1-1ロンモール布施内","GiGO布施 大阪府東大阪市長堂1-1-1ロンモール布施内"
"GiGO幕張","千葉県千葉市美浜区ひび野1-8メッセアミューズモール1階","GiGO幕張 千葉県千葉市美浜区ひび野1-8メッセアミューズモール1階"
"GiGO広","広島県呉市広中町1-9フタバ図書広店 2階","GiGO広 広島県呉市広中町1-9フタバ図書広店 2階"
"GiGO庄内","山形県東田川郡三川町猪子大堰端326-6AGスクエア庄内","GiGO庄内 山形県東田川郡三川町猪子大堰端326-6AGスクエア庄内"
"GiGO府中","東京都府中市西原町1-6-2フレスポ府中","GiGO府中 東京都府中市西原町1-6-2フレスポ府中"
"GiGO延岡","宮崎県延岡市平原町5-1492-8 GiGO延岡","GiGO延岡 宮崎県延岡市平原町5-1492-8 GiGO延岡"
"GiGO弘前","青森県弘前市末広1-3-3セガワールドアクティバ","GiGO弘前 青森県弘前市末広1-3-3セガワールドアクティバ"
"GiGO成田","千葉県成田市東町 157-5","GiGO成田 千葉県成田市東町 157-5"
"GiGO我孫子","千葉県我孫子市柴崎47-1 GiGO我孫子","GiGO我孫子 千葉県我孫子市柴崎47-1 GiGO我孫子"
"GiGO所沢","埼玉県所沢市日吉町8-1 GiGO所沢","GiGO所沢 埼玉県所沢市日吉町8-1 GiGO所沢"
"GiGO掛川","静岡県掛川市細田248 GiGO掛川","GiGO掛川 静岡県掛川市細田248 GiGO掛川"
"GiGO新三国アルゴ7","大阪府豊中市神州町1-15 GiGO新三国アルゴ7","GiGO新三国アルゴ7 大阪府豊中市神州町1-15 GiGO新三国アルゴ7"
"GiGO新居浜","愛媛県新居浜市徳常町6-8","GiGO新居浜 愛媛県新居浜市徳常町6-8"
"GiGO新杉田","神奈川県横浜市磯子区杉田1丁目1‐1らびすた新杉田2F","GiGO新杉田 神奈川県横浜市磯子区杉田1丁目1‐1らびすた新杉田2F"
"GiGO新浦安","千葉県浦安市入船1-4-1イオン新浦安4階","GiGO新浦安 千葉県浦安市入船1-4-1イオン新浦安4階"
"GiGO日光","栃木県日光市芹沼1448-1センショープラザ","GiGO日光 栃木県日光市芹沼1448-1センショープラザ"
"GiGO日和田","福島県郡山市日和田町字西中島7-1","GiGO日和田 福島県郡山市日和田町字西中島7-1"
"GiGO日立","茨城県日立市田尻町3-26-1セガワールド日立","GiGO日立 茨城県日立市田尻町3-26-1セガワールド日立"
"GiGO旭","千葉県旭市ニ3150-1 GiGO旭","GiGO旭 千葉県旭市ニ3150-1 GiGO旭"
"GiGO明石","兵庫県明石市魚住町清水2464-1ドライブインながさわ","GiGO明石 兵庫県明石市魚住町清水2464-1ドライブインながさわ"
"GiGO春日井","愛知県春日井市岩野町菅廻間4180 GiGO春日井","GiGO春日井 愛知県春日井市岩野町菅廻間4180 GiGO春日井"
"GiGO本厚木","神奈川県厚木市中町4-15-9パームトップス","GiGO本厚木 神奈川県厚木市中町4-15-9パームトップス"
"GiGO松山","愛媛県松山市枝松5-7-32","GiGO松山 愛媛県松山市枝松5-7-32"
"GiGO松本","長野県松本市渚1-7-1 なぎさライフサイト内","GiGO松本 長野県松本市渚1-7-1 なぎさライフサイト内"
"GiGO松江","島根県松江市嫁島町12-15 GiGO松江","GiGO松江 島根県松江市嫁島町12-15 GiGO松江"
"GiGO枚方","大阪府枚方市須山町83-1サンシャインプラザ枚方","GiGO枚方 大阪府枚方市須山町83-1サンシャインプラザ枚方"
"GiGO桑名","三重県桑名市大字大仲新田字宮前158番地サンシパーク","GiGO桑名 三重県桑名市大字大仲新田字宮前158番地サンシパーク"
"GiGO武生","福井県越前市新町3字13-4 GiGO武生","GiGO武生 福井県越前市新町3字13-4 GiGO武生"
"GiGO武雄","佐賀県武雄市武雄町富岡12517-1アクロスプラザ武雄","GiGO武雄 佐賀県武雄市武雄町富岡12517-1アクロスプラザ武雄"
"GiGO水戸","茨城県水戸市宮町1-7-44コムボックス310","GiGO水戸 茨城県水戸市宮町1-7-44コムボックス310"
"GiGO水戸南","茨城県水戸市千波町2017-1","GiGO水戸南 茨城県水戸市千波町2017-1"
"GiGO水沢","岩手県奥州市水沢区佐倉河字鐙田4-1 GiGO水沢","GiGO水沢 岩手県奥州市水沢区佐倉河字鐙田4-1 GiGO水沢"
"GiGO池上","東京都東京都大田区池上6-2-3","GiGO池上 東京都東京都大田区池上6-2-3"
"GiGO海田","広島県安芸郡海田町南大正町3-35","GiGO海田 広島県安芸郡海田町南大正町3-35"
"GiGO海老名","神奈川県海老名市中央1-4-31海老名プラザビル1F","GiGO海老名 神奈川県海老名市中央1-4-31海老名プラザビル1F"
"GiGO渋谷宮益坂","東京都渋谷区渋谷1-14-14ESTビル","GiGO渋谷宮益坂 東京都渋谷区渋谷1-14-14ESTビル"
"GiGO生桑","三重県四日市市生桑町字川原崎299-1 GiGO生桑","GiGO生桑 三重県四日市市生桑町字川原崎299-1 GiGO生桑"
"GiGO甲西","滋賀県湖南市夏見二ツ橋356-1 GiGO甲西","GiGO甲西 滋賀県湖南市夏見二ツ橋356-1 GiGO甲西"
"GiGO町田","東京都町田市原町田6-13-17アーバンミサワビルB1F","GiGO町田 東京都町田市原町田6-13-17アーバンミサワビルB1F"
"GiGO白河","福島県白河市新高山1-1メガステージ白河","GiGO白河 福島県白河市新高山1-1メガステージ白河"
"GiGO相模大野","神奈川県相模原市相模大野3-13-2フレスコビル2F","GiGO相模大野 神奈川県相模原市相模大野3-13-2フレスコビル2F"
"GiGO石岡","茨城県石岡市東大橋中峯1976-1","GiGO石岡 茨城県石岡市東大橋中峯1976-1"
"GiGO石巻","宮城県石巻市大街道4丁目1番45号","GiGO石巻 宮城県石巻市大街道4丁目1番45号"
"GiGO神楽坂","東京都新宿区神楽坂2-11第2カグラヒルズ1F","GiGO神楽坂 東京都新宿区神楽坂2-11第2カグラヒルズ1F"
"GiGO福井","福井県福井市丸山1-410","GiGO福井 福井県福井市丸山1-410"
"GiGO福山","広島県福山市瀬戸町山北300","GiGO福山 広島県福山市瀬戸町山北300"
"GiGO福岡天神","福岡県中央区2-7-6DADAビル1-3F","GiGO福岡天神 福岡県中央区2-7-6DADAビル1-3F"
"GiGO福島","福島県福島市本内中井6-1 GiGO福島","GiGO福島 福島県福島市本内中井6-1 GiGO福島"
"GiGO福生","東京都福生市福生1076-1セガワールド福生","GiGO福生 東京都福生市福生1076-1セガワールド福生"
"GiGO秋田","秋田県秋田市茨島1丁目1-16 GiGO秋田","GiGO秋田 秋田県秋田市茨島1丁目1-16 GiGO秋田"
"GiGO秋葉原1号館","東京都千代田区外神田1-10-9サトービル","GiGO秋葉原1号館 東京都千代田区外神田1-10-9サトービル"
"GiGO秋葉原3号館","東京都千代田区外神田1-11-11外神田1丁目ビル","GiGO秋葉原3号館 東京都千代田区外神田1-11-11外神田1丁目ビル"
"GiGO稲毛オーツーパーク","千葉県千葉市稲毛区園生町380-1オーツパーク","GiGO稲毛オーツーパーク 千葉県千葉市稲毛区園生町380-1オーツパーク"
"GiGO竹の塚","東京都足立区竹の塚6-8-3ピーくんプラザ","GiGO竹の塚 東京都足立区竹の塚6-8-3ピーくんプラザ"
"GiGO籠原","埼玉県熊谷市美土里町1-169セガワールド籠原","GiGO籠原 埼玉県熊谷市美土里町1-169セガワールド籠原"
"GiGO米子","鳥取県米子市両三柳2778-2","GiGO米子 鳥取県米子市両三柳2778-2"
"GiGO米沢","山形県米沢市大字花沢字タナコ原177 GiGO米沢","GiGO米沢 山形県米沢市大字花沢字タナコ原177 GiGO米沢"
"GiGO綱島","神奈川県横浜市港北区綱島西2-6-29城田ビル3階","GiGO綱島 神奈川県横浜市港北区綱島西2-6-29城田ビル3階"
"GiGO船堀","東京都江戸川区船堀1-6-11セガ船堀","GiGO船堀 東京都江戸川区船堀1-6-11セガ船堀"
"GiGO花園","埼玉県深谷市荒川359セガ花園","GiGO花園 埼玉県深谷市荒川359セガ花園"
"GiGO袋井","静岡県袋井市川井1142-1 GiGO袋井","GiGO袋井 静岡県袋井市川井1142-1 GiGO袋井"
"GiGO西葛西","東京都江戸川区西葛西5-1-14第一保志ビル","GiGO西葛西 東京都江戸川区西葛西5-1-14第一保志ビル"
"GiGO西那須野","栃木県那須塩原市南郷屋2-106-27 GiGO西那須野","GiGO西那須野 栃木県那須塩原市南郷屋2-106-27 GiGO西那須野"
"GiGO諫早","長崎県諫早市小川町90-1","GiGO諫早 長崎県諫早市小川町90-1"
"GiGO豊橋飯村","愛知県豊橋市飯村町西山25-121 GiGO豊橋飯村","GiGO豊橋飯村 愛知県豊橋市飯村町西山25-121 GiGO豊橋飯村"
"GiGO豊田","愛知県豊田市深田町1-65-1 GiGO豊田","GiGO豊田 愛知県豊田市深田町1-65-1 GiGO豊田"
"GiGO赤羽","東京都北区赤羽1-7-9赤羽第一葉山ビルB1","GiGO赤羽 東京都北区赤羽1-7-9赤羽第一葉山ビルB1"
"GiGO赤羽駅前","東京都北区赤羽1-2-4","GiGO赤羽駅前 東京都北区赤羽1-2-4"
"GiGO金山","愛知県名古屋市熱田区金山1-19-2","GiGO金山 愛知県名古屋市熱田区金山1-19-2"
"GiGO霞ケ浦","茨城県稲敷市西代1473-1","GiGO霞ケ浦 茨城県稲敷市西代1473-1"
"GiGO館林","群馬県館林市小桑原町949-1","GiGO館林 群馬県館林市小桑原町949-1"
"GiGO高城","大分県大分市牧1-161-8セガワールド高城","GiGO高城 大分県大分市牧1-161-8セガワールド高城"
"GiGO高松","香川県高松市勅使町535 GiGO高松","GiGO高松 香川県高松市勅使町535 GiGO高松"
"GiGO高田馬場","東京都新宿区高田馬場 4-7-5 高田馬場グランド東京ビル","GiGO高田馬場 東京都新宿区高田馬場 4-7-5 高田馬場グランド東京ビル"
"GiGO鳥取","鳥取県鳥取市安長416 GiGO鳥取","GiGO鳥取 鳥取県鳥取市安長416 GiGO鳥取"
"GiGO龍ヶ崎","茨城県龍ヶ崎市藤が丘4-2-8 GiGO龍ヶ崎","GiGO龍ヶ崎 茨城県龍ヶ崎市藤が丘4-2-8 GiGO龍ヶ崎"
"Hapipi Land十日町店","新潟県十日町市丑735-1","Hapipi Land十日町店 新潟県十日町市丑735-1"
"Hey","東京都千代田区外神田1-10-5広瀬本社ビル2F","Hey 東京都千代田区外神田1-10-5広瀬本社ビル2F"
"M'sPARK刈谷","愛知県刈谷市稲場町3-206","M'sPARK刈谷 愛知県刈谷市稲場町3-206"
"MAXIM HERO","北海道札幌市北区北六条西6丁目JR札幌駅高架下","MAXIM HERO 北海道札幌市北区北六条西6丁目JR札幌駅高架下"
"MIRAINOイオンモール土岐店","岐阜県土岐市土岐津町土岐口1372番1イオンモール土岐2F","MIRAINOイオンモール土岐店 岐阜県土岐市土岐津町土岐口1372番1イオンモール土岐2F"
"MIRAINOイオンモール白山店","石川県白山市横江町土地区画整理事業施工地区内1街区イオンモール白山3階3014区画","MIRAINOイオンモール白山店 石川県白山市横江町土地区画整理事業施工地区内1街区イオンモール白山3階3014区画"
"MsPARK豊田店","愛知県豊田市寿町3-10","MsPARK豊田店 愛知県豊田市寿町3-10"
"NICOPAイオン津店","三重県津市桜橋3-446イオン津2階","NICOPAイオン津店 三重県津市桜橋3-446イオン津2階"
"NICOPA伊丹昆陽店","兵庫県伊丹市池尻4-1-1イオンモール伊丹昆陽4階","NICOPA伊丹昆陽店 兵庫県伊丹市池尻4-1-1イオンモール伊丹昆陽4階"
"NICOPA和歌山店","和歌山県和歌山市新生町7-20イズミヤ和歌山2階","NICOPA和歌山店 和歌山県和歌山市新生町7-20イズミヤ和歌山2階"
"PALOむつ店","青森県むつ市中央2-7-8","PALOむつ店 青森県むつ市中央2-7-8"
"PALO五所川原店","青森県五所川原市大字唐笠柳字藤巻641番1アクロスプラザ五所川原","PALO五所川原店 青森県五所川原市大字唐笠柳字藤巻641番1アクロスプラザ五所川原"
"PALO埼玉大井店","埼玉県ふじみ野市西鶴ケ岡1-3-15ビバモ-ル埼玉大井2階","PALO埼玉大井店 埼玉県ふじみ野市西鶴ケ岡1-3-15ビバモ-ル埼玉大井2階"
"PALO境港店","鳥取県境港市竹内団地81番地3パロ境港","PALO境港店 鳥取県境港市竹内団地81番地3パロ境港"
"PALO小松島店","徳島県小松島市小松島町領田20小松島ショッピングプラザルピア1階","PALO小松島店 徳島県小松島市小松島町領田20小松島ショッピングプラザルピア1階"
"PALO松江店","島根県松江市東朝日町151イオン松江3階","PALO松江店 島根県松江市東朝日町151イオン松江3階"
"PALO桑名店","三重県桑名市新西方1丁目22番地イオン2F","PALO桑名店 三重県桑名市新西方1丁目22番地イオン2F"
"PALO橋本彩の台店","和歌山県橋本市あやの台1丁目50番地2オーストリート彩の台","PALO橋本彩の台店 和歌山県橋本市あやの台1丁目50番地2オーストリート彩の台"
"PALO津南店","三重県三重県津市高茶屋小森町145イオンモール津南3階","PALO津南店 三重県三重県津市高茶屋小森町145イオンモール津南3階"
"PALO滝川店","北海道滝川市東町2-29-1イオン滝川1階","PALO滝川店 北海道滝川市東町2-29-1イオン滝川1階"
"PALO石橋店","栃木県下野市下古山3362-1ヨークタウン石橋","PALO石橋店 栃木県下野市下古山3362-1ヨークタウン石橋"
"PALO網走店","北海道網走市駒場北5-83駒場ショッピングタウン","PALO網走店 北海道網走市駒場北5-83駒場ショッピングタウン"
"PALO聖蹟桜ヶ丘店","東京都多摩市関戸4-72聖蹟桜ケ丘オーパ6階","PALO聖蹟桜ヶ丘店 東京都多摩市関戸4-72聖蹟桜ケ丘オーパ6階"
"PALO苫小牧店","北海道苫小牧市糸井135-1トライアル苫小牧G棟","PALO苫小牧店 北海道苫小牧市糸井135-1トライアル苫小牧G棟"
"PALO諏訪店","長野県諏訪市沖田町5丁目18諏訪ステーションパーク","PALO諏訪店 長野県諏訪市沖田町5丁目18諏訪ステーションパーク"
"PALO釧路店","北海道釧路郡釧路町桂木1-1-7イオン釧路2階","PALO釧路店 北海道釧路郡釧路町桂木1-1-7イオン釧路2階"
"PALO防府店","山口県防府市中央町1-3イオン防府3階","PALO防府店 山口県防府市中央町1-3イオン防府3階"
"PEP 魚町店","福岡県北九州市小倉北区魚町2-4-20","PEP 魚町店 福岡県北九州市小倉北区魚町2-4-20"
"SOYU GAME FIELD古川店","宮城県大崎市古川沢田字筒場浦15番地イオンタウン古川内","SOYU GAME FIELD古川店 宮城県大崎市古川沢田字筒場浦15番地イオンタウン古川内"
"SOYU Game Field 御所野店","秋田県秋田市御所野地蔵田1-1-1イオンモール秋田2階","SOYU Game Field 御所野店 秋田県秋田市御所野地蔵田1-1-1イオンモール秋田2階"
"SOYU Game Field三川店","山形県東田川郡三川町猪子和田庫128-1イオンモール三川1階","SOYU Game Field三川店 山形県東田川郡三川町猪子和田庫128-1イオンモール三川1階"
"SOYU Game Field大館店","秋田県大館市御成町3-7-58いとく大館ショッピングセンター3F","SOYU Game Field大館店 秋田県大館市御成町3-7-58いとく大館ショッピングセンター3F"
"SOYU Game Field熊谷店","埼玉県熊谷市銀座2-245ショッピングセンターニットーモール4階","SOYU Game Field熊谷店 埼玉県熊谷市銀座2-245ショッピングセンターニットーモール4階"
"SOYUFamilyGameField防府店","山口県防府市鐘紡町7-1イオンタウン防府1階","SOYUFamilyGameField防府店 山口県防府市鐘紡町7-1イオンタウン防府1階"
"THE 3RD PLANET 下通り店","熊本県熊本市中央区手取本町4-12ザ・ファインビルB1","THE 3RD PLANET 下通り店 熊本県熊本市中央区手取本町4-12ザ・ファインビルB1"
"THE 3RD PLANET 多摩センター店","東京都多摩市落合1-41-1マグレブビルWEST 1階・2階","THE 3RD PLANET 多摩センター店 東京都多摩市落合1-41-1マグレブビルWEST 1階・2階"
"THE 3RD PLANET 山口店","山口県山口市湯田温泉6-8-3ザ・サードプラネット山口","THE 3RD PLANET 山口店 山口県山口市湯田温泉6-8-3ザ・サードプラネット山口"
"THE 3RD PLANET島田店","静岡県島田市中溝町2531THE3RDPLANET島田","THE 3RD PLANET島田店 静岡県島田市中溝町2531THE3RDPLANET島田"
"VAMP中川","愛知県名古屋市中川区新家1丁目2007","VAMP中川 愛知県名古屋市中川区新家1丁目2007"
"VIVAZONE糸魚川店","新潟県糸魚川市寺島3-2-40ヴィラオレッタ糸魚川2Fゲームセンター","VIVAZONE糸魚川店 新潟県糸魚川市寺島3-2-40ヴィラオレッタ糸魚川2Fゲームセンター"
"YAZ寝屋川店","大阪府寝屋川市石津中町25-26YAZ寝屋川","YAZ寝屋川店 大阪府寝屋川市石津中町25-26YAZ寝屋川"
"namcoららぽーと福岡","福岡県福岡市博多区 那珂 6-23-1 ららぽーと福岡内4F","namcoららぽーと福岡 福岡県福岡市博多区 那珂 6-23-1 ららぽーと福岡内4F"
"namcoイオンタウン大館西店","秋田県大館市根下戸新町18-121ロックショッピングタウン大館西","namcoイオンタウン大館西店 秋田県大館市根下戸新町18-121ロックショッピングタウン大館西"
"namcoイオンタウン郡山店","福島県郡山市松木町2-88イオンタウン郡山","namcoイオンタウン郡山店 福島県郡山市松木町2-88イオンタウン郡山"
"namcoイオンモールKYOTO店","京都府京都市南区西九条鳥居口町1イオンモールKYOTO Sakura館 4F","namcoイオンモールKYOTO店 京都府京都市南区西九条鳥居口町1イオンモールKYOTO Sakura館 4F"
"namcoビバシティ彦根","滋賀県彦根市竹ヶ鼻町43-1ビバシティ彦根2F","namcoビバシティ彦根 滋賀県彦根市竹ヶ鼻町43-1ビバシティ彦根2F"
"namcoフェドラP&D佐野店","栃木県佐野市高萩町1340番地","namcoフェドラP&D佐野店 栃木県佐野市高萩町1340番地"
"namcoフジグラン今治店","愛媛県今治市東門町 5丁目13番1号フジグラン今治2階","namcoフジグラン今治店 愛媛県今治市東門町 5丁目13番1号フジグラン今治2階"
"namcoマグスミノエ店","大阪府大阪市住之江区泉1丁目1番82号マグスミノエ1F","namcoマグスミノエ店 大阪府大阪市住之江区泉1丁目1番82号マグスミノエ1F"
"namcoモラージュ佐賀店","佐賀県佐賀市巨勢町大字牛島730モラージュ佐賀 南館1F","namcoモラージュ佐賀店 佐賀県佐賀市巨勢町大字牛島730モラージュ佐賀 南館1F"
"namcoラゾーナ川崎店","神奈川県川崎市幸区堀川町72-1ラゾーナ川崎4階","namcoラゾーナ川崎店 神奈川県川崎市幸区堀川町72-1ラゾーナ川崎4階"
"namcoワンダーシティ南熊本店","熊本県熊本市中央区九品寺6丁目9番1ワンダーシティ南熊本","namcoワンダーシティ南熊本店 熊本県熊本市中央区九品寺6丁目9番1ワンダーシティ南熊本"
"namco中野","東京都中野区中野5-52-15中野ブロードウェイ別館","namco中野 東京都中野区中野5-52-15中野ブロードウェイ別館"
"namco博多バスターミナル店","福岡県福岡市博多区博多駅中央街2-1博多バスターミナル7階","namco博多バスターミナル店 福岡県福岡市博多区博多駅中央街2-1博多バスターミナル7階"
"namco大阪日本橋店","大阪府大阪市浪速区難波中2-1-17コスモビル","namco大阪日本橋店 大阪府大阪市浪速区難波中2-1-17コスモビル"
"namco宇都宮店","栃木県宇都宮市簗瀬町1606番地1P&Dビル","namco宇都宮店 栃木県宇都宮市簗瀬町1606番地1P&Dビル"
"namco巣鴨店","東京都豊島区巣鴨1-15-1ミヤタビルB2F","namco巣鴨店 東京都豊島区巣鴨1-15-1ミヤタビルB2F"
"namco新潟店","新潟県新潟市中央区南笹口1-1-1ドン・キホーテ新潟駅南2階","namco新潟店 新潟県新潟市中央区南笹口1-1-1ドン・キホーテ新潟駅南2階"
"namco日向店","宮崎県日向市大字日知屋14798-1ハイパーモールメルクス日向店内","namco日向店 宮崎県日向市大字日知屋14798-1ハイパーモールメルクス日向店内"
"namco札幌エスタ店","北海道札幌市中央区北5条西2丁目1番地1札幌エスタ9階","namco札幌エスタ店 北海道札幌市中央区北5条西2丁目1番地1札幌エスタ9階"
"namco札幌西町店","北海道札幌市西区西町北13丁目1番ワンダーシティ札幌","namco札幌西町店 北海道札幌市西区西町北13丁目1番ワンダーシティ札幌"
"namco松戸店","千葉県松戸市松戸1230-1ピアザ松戸1階","namco松戸店 千葉県松戸市松戸1230-1ピアザ松戸1階"
"namco梅田","大阪府大阪市北区小松原町3番3号OSビル2Fナムコシティ内","namco梅田 大阪府大阪市北区小松原町3番3号OSビル2Fナムコシティ内"
"namco池袋店","東京都豊島区東池袋1-22-10ヒューマックスパビリオン池袋サンシャイン60通り 1F","namco池袋店 東京都豊島区東池袋1-22-10ヒューマックスパビリオン池袋サンシャイン60通り 1F"
"namco熊谷店","埼玉県熊谷市銀座2丁目97番地CARPA","namco熊谷店 埼玉県熊谷市銀座2丁目97番地CARPA"
"namco王子サンスクエア店","東京都北区王子1-4-1サンスクエア2F","namco王子サンスクエア店 東京都北区王子1-4-1サンスクエア2F"
"namco秋葉原店","東京都千代田区外神田1丁目15-9","namco秋葉原店 東京都千代田区外神田1丁目15-9"
"namco豊岡店","兵庫県豊岡市中陰字大工617 3Fnamco豊岡店","namco豊岡店 兵庫県豊岡市中陰字大工617 3Fnamco豊岡店"
"namco都筑店","神奈川県横浜市都筑区川和町846-1プラボ都筑","namco都筑店 神奈川県横浜市都筑区川和町846-1プラボ都筑"
"あそVIVA","京都府福知山市堀小字下高田2346","あそVIVA 京都府福知山市堀小字下高田2346"
"あそVIVA阪急茨木店","大阪府茨木市永代町6-2スポーツプラザ茨木2階","あそVIVA阪急茨木店 大阪府茨木市永代町6-2スポーツプラザ茨木2階"
"あそびのひろば 鴻池店","大阪府東大阪市鴻池町1‐1‐72","あそびのひろば 鴻池店 大阪府東大阪市鴻池町1‐1‐72"
"あそびのひろば鹿嶋店","茨城県鹿嶋市宮中290-1ショッピングセンターチェリオ1階","あそびのひろば鹿嶋店 茨城県鹿嶋市宮中290-1ショッピングセンターチェリオ1階"
"あみぱらんど福山店","広島県福山市三吉町南2-8-24あみぱらんど福山","あみぱらんど福山店 広島県福山市三吉町南2-8-24あみぱらんど福山"
"ふぇすたらんど今治店","愛媛県今治市馬越町4-8-1イオン今治店3F","ふぇすたらんど今治店 愛媛県今治市馬越町4-8-1イオン今治店3F"
"ふぇすたらんど倉敷マスカット店","岡山県倉敷市松島羽伏1163-2マルナカ倉敷マスカット3階","ふぇすたらんど倉敷マスカット店 岡山県倉敷市松島羽伏1163-2マルナカ倉敷マスカット3階"
"ゆめサーカス出雲店","島根県出雲市大塚町650-1ゆめタウン出雲東館3階","ゆめサーカス出雲店 島根県出雲市大塚町650-1ゆめタウン出雲東館3階"
"ゆめシティゆめパーク","山口県下関市伊倉新町3丁目1-1ゆめシティ","ゆめシティゆめパーク 山口県下関市伊倉新町3丁目1-1ゆめシティ"
"ゆめタウン別府店BIGWAVE","大分県別府市楠町382-6ゆめタウン別府","ゆめタウン別府店BIGWAVE 大分県別府市楠町382-6ゆめタウン別府"
"アカフーアミューズメント ジアス上大岡店","神奈川県横浜市港南区上大岡西2-1-28赤い風船パーク本館2階","アカフーアミューズメント ジアス上大岡店 神奈川県横浜市港南区上大岡西2-1-28赤い風船パーク本館2階"
"アクション堅田","滋賀県大津市今堅田2丁目40-10アクション堅田","アクション堅田 滋賀県大津市今堅田2丁目40-10アクション堅田"
"アクション草津","滋賀県草津市野路3-1-11 ACT草津2号館","アクション草津 滋賀県草津市野路3-1-11 ACT草津2号館"
"アソビクル新宮","福岡県福岡市糟屋郡新宮町三代999-1","アソビクル新宮 福岡県福岡市糟屋郡新宮町三代999-1"
"アップルグランリバー大井川店","静岡県焼津市下江留1327番地アップルグランリバー大井川","アップルグランリバー大井川店 静岡県焼津市下江留1327番地アップルグランリバー大井川"
"アップル島田","静岡県島田市宝来町8-5アップル島田","アップル島田 静岡県島田市宝来町8-5アップル島田"
"アップル新北街道店","静岡県静岡市葵区沓谷5-13-4","アップル新北街道店 静岡県静岡市葵区沓谷5-13-4"
"アテナ日本橋","大阪府大阪市浪速区難波中2-1-22","アテナ日本橋 大阪府大阪市浪速区難波中2-1-22"
"アドアーズ上野アメ横","東京都台東区上野4-9-14 上野KKビルB1-4F","アドアーズ上野アメ横 東京都台東区上野4-9-14 上野KKビルB1-4F"
"アドアーズ中野","東京都中野区中野5-52-15中野ブロードウェイ1F 185","アドアーズ中野 東京都中野区中野5-52-15中野ブロードウェイ1F 185"
"アドアーズ仙川","東京都調布市仙川町2-21-12VICビル7 1-3F","アドアーズ仙川 東京都調布市仙川町2-21-12VICビル7 1-3F"
"アドアーズ和光","埼玉県和光市本町3-5MillionAnnex和光1-3F","アドアーズ和光 埼玉県和光市本町3-5MillionAnnex和光1-3F"
"アドアーズ大和店A館","神奈川県大和市大和東1-4-3 大黒屋ビル1・2F","アドアーズ大和店A館 神奈川県大和市大和東1-4-3 大黒屋ビル1・2F"
"アドアーズ新小岩","東京都葛飾区新小岩1-44-4リバティビルB1-3F","アドアーズ新小岩 東京都葛飾区新小岩1-44-4リバティビルB1-3F"
"アドアーズ橋本店","神奈川県相模原市緑区橋本3-3-1SING橋本2階","アドアーズ橋本店 神奈川県相模原市緑区橋本3-3-1SING橋本2階"
"アドアーズ池袋東口","東京都豊島区東池袋1-41-4池袋とうきゅうビル1・2F","アドアーズ池袋東口 東京都豊島区東池袋1-41-4池袋とうきゅうビル1・2F"
"アドアーズ船橋店","千葉県船橋市本町1-31-26","アドアーズ船橋店 千葉県船橋市本町1-31-26"
"アドアーズ蕨","埼玉県蕨市塚越1-4-4ラ・セーヌビル2F","アドアーズ蕨 埼玉県蕨市塚越1-4-4ラ・セーヌビル2F"
"アドアーズ藤沢北口","神奈川県藤沢市藤沢460-13・4F","アドアーズ藤沢北口 神奈川県藤沢市藤沢460-13・4F"
"アピナS武蔵小山店","東京都品川区小山3-23-3SDビルB1F","アピナS武蔵小山店 東京都品川区小山3-23-3SDビルB1F"
"アピナ上尾店","埼玉県上尾市緑丘3丁目3番11-2号PAPA上尾プリンセス棟1階・2階","アピナ上尾店 埼玉県上尾市緑丘3丁目3番11-2号PAPA上尾プリンセス棟1階・2階"
"アピナ上田","長野県上田市秋和359-1アピナ上田","アピナ上田 長野県上田市秋和359-1アピナ上田"
"アピナ上越インター店","新潟県上越市下門前1661アピナ上越インター","アピナ上越インター店 新潟県上越市下門前1661アピナ上越インター"
"アピナ下館店","茨城県筑西市玉戸1012-3アピナ下館","アピナ下館店 茨城県筑西市玉戸1012-3アピナ下館"
"アピナ伊那店","長野県伊那市西町5093アピナ伊那","アピナ伊那店 長野県伊那市西町5093アピナ伊那"
"アピナ佐久インター店","長野県佐久市岩村田北1-13-1アピナ佐久インター","アピナ佐久インター店 長野県佐久市岩村田北1-13-1アピナ佐久インター"
"アピナ八王子みなみ野店","東京都八王子市みなみ野1-2-1アクロスモール3階","アピナ八王子みなみ野店 東京都八王子市みなみ野1-2-1アクロスモール3階"
"アピナ印西店","千葉県印西市原1-2ビックホップガーデンモール印西2階","アピナ印西店 千葉県印西市原1-2ビックホップガーデンモール印西2階"
"アピナ各務原店","岐阜県各務原市蘇原花園町2-9-1","アピナ各務原店 岐阜県各務原市蘇原花園町2-9-1"
"アピナ四日市店","三重県四日市市泊小柳町4-34","アピナ四日市店 三重県四日市市泊小柳町4-34"
"アピナ塩尻店","長野県塩尻市広丘野村1794-1アピナ塩尻","アピナ塩尻店 長野県塩尻市広丘野村1794-1アピナ塩尻"
"アピナ大宮","埼玉県さいたま市大宮区仲町1-19大東ビルB1・1F","アピナ大宮 埼玉県さいたま市大宮区仲町1-19大東ビルB1・1F"
"アピナ大須賀店","静岡県掛川市西大渕3359ロックタウン","アピナ大須賀店 静岡県掛川市西大渕3359ロックタウン"
"アピナ太田店","群馬県太田市内ケ島町907-1アピナ太田","アピナ太田店 群馬県太田市内ケ島町907-1アピナ太田"
"アピナ姫路店","兵庫県姫路市東郷町1454-3 姫路リオス2F","アピナ姫路店 兵庫県姫路市東郷町1454-3 姫路リオス2F"
"アピナ富山南店","富山県富山市堀川町355-3マイプラザ","アピナ富山南店 富山県富山市堀川町355-3マイプラザ"
"アピナ富山新庄店","富山県富山市荒川3-2-12アピナ富山新庄","アピナ富山新庄店 富山県富山市荒川3-2-12アピナ富山新庄"
"アピナ富山豊田店","富山県富山市豊田町2-12-66アピナ富山豊田","アピナ富山豊田店 富山県富山市豊田町2-12-66アピナ富山豊田"
"アピナ小山店","栃木県小山市駅南町4-27-18アピナ小山","アピナ小山店 栃木県小山市駅南町4-27-18アピナ小山"
"アピナ川越店","埼玉県川越市泉町1-1ウニクス南古谷シネマ棟1階","アピナ川越店 埼玉県川越市泉町1-1ウニクス南古谷シネマ棟1階"
"アピナ本巣店","岐阜県本巣市政田字下西浦1986 イオンタウン本巣内","アピナ本巣店 岐阜県本巣市政田字下西浦1986 イオンタウン本巣内"
"アピナ松本店","長野県松本市双葉19-10アピナ松本","アピナ松本店 長野県松本市双葉19-10アピナ松本"
"アピナ橋本店","神奈川県相模原市緑区西橋本5-1-1アピナ橋本1階","アピナ橋本店 神奈川県相模原市緑区西橋本5-1-1アピナ橋本1階"
"アピナ浜松店","静岡県浜松市中区葵西2-27-10イオンタウン内","アピナ浜松店 静岡県浜松市中区葵西2-27-10イオンタウン内"
"アピナ焼津店","静岡県焼津市道原585シートピアYAZ焼津","アピナ焼津店 静岡県焼津市道原585シートピアYAZ焼津"
"アピナ磐田店","静岡県磐田市西貝塚横須賀道北3690イオンタウン磐田内","アピナ磐田店 静岡県磐田市西貝塚横須賀道北3690イオンタウン磐田内"
"アピナ荻窪店","東京都杉並区上萩1-13-10","アピナ荻窪店 東京都杉並区上萩1-13-10"
"アピナ豊橋店","愛知県豊橋市藤沢町141メガ・ドン・キホーテ豊橋店アミューズメント1階","アピナ豊橋店 愛知県豊橋市藤沢町141メガ・ドン・キホーテ豊橋店アミューズメント1階"
"アピナ野々市店","石川県野々市市白山町4-1イオンタウン野々市","アピナ野々市店 石川県野々市市白山町4-1イオンタウン野々市"
"アピナ野田七光台店","千葉県野田市七光台4-2イオンタウン野田七光台","アピナ野田七光台店 千葉県野田市七光台4-2イオンタウン野田七光台"
"アピナ鈴鹿店","三重県鈴鹿市庄野羽山4-20-1イオンタウン鈴鹿2F","アピナ鈴鹿店 三重県鈴鹿市庄野羽山4-20-1イオンタウン鈴鹿2F"
"アピナ長岡店","新潟県長岡市堺東町22アピナ長岡","アピナ長岡店 新潟県長岡市堺東町22アピナ長岡"
"アピナ長野大橋店","長野県長野市若里7-9-12アピナ長野大橋","アピナ長野大橋店 長野県長野市若里7-9-12アピナ長野大橋"
"アピナ長野川中島店","長野県長野市川中島町御厨967-1アピナ川中島","アピナ長野川中島店 長野県長野市川中島町御厨967-1アピナ川中島"
"アピナ長野村山店","長野県長野市村山502-1アピナ長野村山","アピナ長野村山店 長野県長野市村山502-1アピナ長野村山"
"アピナ飯田店","長野県飯田市座光寺3727-1アピナ飯田","アピナ飯田店 長野県飯田市座光寺3727-1アピナ飯田"
"アピナ鶴岡店","山形県鶴岡市文下字広野1-1アピナ鶴岡","アピナ鶴岡店 山形県鶴岡市文下字広野1-1アピナ鶴岡"
"アポロゲームセンター沖洲","徳島県徳島市南沖洲1-93-1","アポロゲームセンター沖洲 徳島県徳島市南沖洲1-93-1"
"アミパラがいな","鳥取県米子市日ノ出町1-8-13","アミパラがいな 鳥取県米子市日ノ出町1-8-13"
"アミパラここじゃ","広島県東広島市西条町下見6-10-19","アミパラここじゃ 広島県東広島市西条町下見6-10-19"
"アミパラテクノランド","岡山県岡山市北区大和町1-7-12","アミパラテクノランド 岡山県岡山市北区大和町1-7-12"
"アミパラ下関店","山口県下関市長府才川1丁目42-48アミパラ下関","アミパラ下関店 山口県下関市長府才川1丁目42-48アミパラ下関"
"アミパラ丸亀店","香川県丸亀市飯野町西分川緑甲584-1ハローズ棟内","アミパラ丸亀店 香川県丸亀市飯野町西分川緑甲584-1ハローズ棟内"
"アミパラ久御山店","京都府久世郡久御山町森大内337イオンタウン久御山","アミパラ久御山店 京都府久世郡久御山町森大内337イオンタウン久御山"
"アミパラ伊川谷店","兵庫県神戸市西区池上3丁目2番3号","アミパラ伊川谷店 兵庫県神戸市西区池上3丁目2番3号"
"アミパラ佐世保店","長崎県佐世保市大塔町18-15アミパラ佐世保","アミパラ佐世保店 長崎県佐世保市大塔町18-15アミパラ佐世保"
"アミパラ倉敷店","岡山県倉敷市西中新田624-1アミパラボウル1階","アミパラ倉敷店 岡山県倉敷市西中新田624-1アミパラボウル1階"
"アミパラ光明池店","大阪府和泉市室堂町824-36コムボックス光明池2階","アミパラ光明池店 大阪府和泉市室堂町824-36コムボックス光明池2階"
"アミパラ加古川店","兵庫県加古川市尾上町今福71-2アミパラ加古川","アミパラ加古川店 兵庫県加古川市尾上町今福71-2アミパラ加古川"
"アミパラ周南久米店","山口県周南市久米中央五丁目6番1号","アミパラ周南久米店 山口県周南市久米中央五丁目6番1号"
"アミパラ垂水店","兵庫県神戸市垂水区名谷町字室山1400-18","アミパラ垂水店 兵庫県神戸市垂水区名谷町字室山1400-18"
"アミパラ大東店","大阪府大東市南新田2丁目3-5","アミパラ大東店 大阪府大東市南新田2丁目3-5"
"アミパラ岡山店","岡山県岡山市北区青江1-13-8アミパラ岡山","アミパラ岡山店 岡山県岡山市北区青江1-13-8アミパラ岡山"
"アミパラ広島店","広島県広島市西区西観音町3-17アミパラ広島","アミパラ広島店 広島県広島市西区西観音町3-17アミパラ広島"
"アミパラ松山店","愛媛県松山市生石町655-1アミパラ松山","アミパラ松山店 愛媛県松山市生石町655-1アミパラ松山"
"アミパラ松江店","島根県松江市東朝日町203-1","アミパラ松江店 島根県松江市東朝日町203-1"
"アミパラ橿原店","奈良県橿原市十市町1222-1","アミパラ橿原店 奈良県橿原市十市町1222-1"
"アミパラ津山店","岡山県津山市河辺1000-1イオン津山2階","アミパラ津山店 岡山県津山市河辺1000-1イオン津山2階"
"アミパラ神辺店","広島県福山市神辺町新道上1-2-1アミパラ神辺","アミパラ神辺店 広島県福山市神辺町新道上1-2-1アミパラ神辺"
"アミパラ草津店","滋賀県草津市木川町72","アミパラ草津店 滋賀県草津市木川町72"
"アミパラ鈴鹿店","三重県鈴鹿市西条町東澤430-1アミパラ鈴鹿","アミパラ鈴鹿店 三重県鈴鹿市西条町東澤430-1アミパラ鈴鹿"
"アミパラ高松店","香川県高松市伏石町 2168-2","アミパラ高松店 香川県高松市伏石町 2168-2"
"アミパラ高知店","高知県南国市篠原194-1","アミパラ高知店 高知県南国市篠原194-1"
"アミュージアムOSC店","東京都練馬区東大泉2-34-1T・ジョイ大泉2F","アミュージアムOSC店 東京都練馬区東大泉2-34-1T・ジョイ大泉2F"
"アミュージアム周南店","山口県下松市中央町21-3ゆめタウン下松3階","アミュージアム周南店 山口県下松市中央町21-3ゆめタウン下松3階"
"アミュージアム大泉","東京都練馬区東大泉2-10-11LIVINオズ大泉5F","アミュージアム大泉 東京都練馬区東大泉2-10-11LIVINオズ大泉5F"
"アミュージアム新座店","埼玉県新座市東北2-32-12イオン新座3F","アミュージアム新座店 埼玉県新座市東北2-32-12イオン新座3F"
"アミュージアム津島店","愛知県津島市大字津島字北新開351ヨシズヤ津島本店 シネマ館2F","アミュージアム津島店 愛知県津島市大字津島字北新開351ヨシズヤ津島本店 シネマ館2F"
"アミュージアム茂原店","千葉県茂原市高師1619-1","アミュージアム茂原店 千葉県茂原市高師1619-1"
"アミュージアム高松","香川県高松市伏石町2144-9","アミュージアム高松 香川県高松市伏石町2144-9"
"アミュージアム高知店","高知県高知市介良字長丁乙317-1","アミュージアム高知店 高知県高知市介良字長丁乙317-1"
"アミューズビバ","茨城県ひたちなか市東大島2-11-11勝田ミナミボウル内","アミューズビバ 茨城県ひたちなか市東大島2-11-11勝田ミナミボウル内"
"アミューズファクトリーAXE","大阪府大阪市中央区難波1-1-3","アミューズファクトリーAXE 大阪府大阪市中央区難波1-1-3"
"アミューズファクトリー常滑店","愛知県常滑市りんくう町2丁目20番3イオンモール常滑2階","アミューズファクトリー常滑店 愛知県常滑市りんくう町2丁目20番3イオンモール常滑2階"
"アミューズメントCUE奈良三条","奈良県奈良市三条町478-1","アミューズメントCUE奈良三条 奈良県奈良市三条町478-1"
"アミューズメントCUE奈良大和高田店","奈良県奈良県大和高田市東中2-11-16","アミューズメントCUE奈良大和高田店 奈良県奈良県大和高田市東中2-11-16"
"アミューズメントエース 津田沼店","千葉県船橋市前原西2-15-1ファミービル1Fから3F","アミューズメントエース 津田沼店 千葉県船橋市前原西2-15-1ファミービル1Fから3F"
"アミューズメントエース市川店","千葉県市川市市川1-9-11サン市川ハイツ1階","アミューズメントエース市川店 千葉県市川市市川1-9-11サン市川ハイツ1階"
"アミューズメントジャムジャムつくば店","茨城県つくば市竹園1-9-2デイズタウンB1F","アミューズメントジャムジャムつくば店 茨城県つくば市竹園1-9-2デイズタウンB1F"
"アミューズメントジャムジャム神栖店","茨城県神栖市神栖1-8-1","アミューズメントジャムジャム神栖店 茨城県神栖市神栖1-8-1"
"アミューズメントスペース カプセル","東京都多摩市永山1-3-4ヒューマックスパビリオン永山 1F B1","アミューズメントスペース カプセル 東京都多摩市永山1-3-4ヒューマックスパビリオン永山 1F B1"
"アミューズメントスペースASO:VIBA!","東京都渋谷区恵比寿1-10-5","アミューズメントスペースASO:VIBA! 東京都渋谷区恵比寿1-10-5"
"アミューズメントスペースBAGIBAGI","岩手県宮古市新川町3-17アミューズメントスペースBAGIBAGI","アミューズメントスペースBAGIBAGI 岩手県宮古市新川町3-17アミューズメントスペースBAGIBAGI"
"アミューズメントパフェパレパレ田宮","徳島県徳島市南田宮2-2-46アミューズメントパフェパレパレ田宮","アミューズメントパフェパレパレ田宮 徳島県徳島市南田宮2-2-46アミューズメントパフェパレパレ田宮"
"アミューズメントパフェパレパレ稲毛長沼店","千葉県千葉市稲毛区長沼原町731-17フレスポ稲毛A棟-4","アミューズメントパフェパレパレ稲毛長沼店 千葉県千葉市稲毛区長沼原町731-17フレスポ稲毛A棟-4"
"アミューズメントパレスワンダーヴュー成田","千葉県成田市飯仲11-18 グリーンパーク長命泉内","アミューズメントパレスワンダーヴュー成田 千葉県成田市飯仲11-18 グリーンパーク長命泉内"
"アミューズメントパークMG キスケ店","愛媛県松山市宮田町4キスケBOX内1F","アミューズメントパークMG キスケ店 愛媛県松山市宮田町4キスケBOX内1F"
"アミューズメントパークMG 伊予三島店","愛媛県四国中央市中之庄町75-1","アミューズメントパークMG 伊予三島店 愛媛県四国中央市中之庄町75-1"
"アミューズメントパークMG 須崎神田店","高知県須崎市神田2500-1","アミューズメントパークMG 須崎神田店 高知県須崎市神田2500-1"
"アミューズメントパークMGジアス店","広島県福山市柳津町1丁目7-60","アミューズメントパークMGジアス店 広島県福山市柳津町1丁目7-60"
"アミューズメントパークMG朝生田店","愛媛県松山市朝生田町4-4-32第1自動車教習所ビル1階","アミューズメントパークMG朝生田店 愛媛県松山市朝生田町4-4-32第1自動車教習所ビル1階"
"アミューズメントパークMG東予周布店","愛媛県西条市周布715-1フジ東予別棟","アミューズメントパークMG東予周布店 愛媛県西条市周布715-1フジ東予別棟"
"アミューズメントパークネバーランド2座間店","神奈川県座間市ひばりが丘4-11-48アミューズメントパークネバーランド2","アミューズメントパークネバーランド2座間店 神奈川県座間市ひばりが丘4-11-48アミューズメントパークネバーランド2"
"アミューズメントプラザマルシン","愛知県刈谷市池田町4-609","アミューズメントプラザマルシン 愛知県刈谷市池田町4-609"
"アミューズメントプラザワイド","愛知県東海市名和町二番割上16-2","アミューズメントプラザワイド 愛知県東海市名和町二番割上16-2"
"アミューズメントレイブファクトリーマーズ","神奈川県横浜市中区長者町6-105","アミューズメントレイブファクトリーマーズ 神奈川県横浜市中区長者町6-105"
"アミューズランドモナコ川越店","埼玉県川越市新富町2-4-1関口池田ビル1F","アミューズランドモナコ川越店 埼玉県川越市新富町2-4-1関口池田ビル1F"
"アミューズランドモナコ調布駅前","東京都調布市布田4-2-22","アミューズランドモナコ調布駅前 東京都調布市布田4-2-22"
"アルゴ","兵庫県神戸市中央区下山手通1-1-8M:2nd","アルゴ 兵庫県神戸市中央区下山手通1-1-8M:2nd"
"アルティーアルパーク北棟店アルティランド","広島県広島市西区草津南4-7-1アルティーアルパーク北棟2階","アルティーアルパーク北棟店アルティランド 広島県広島市西区草津南4-7-1アルティーアルパーク北棟2階"
"イオン千歳キッズ・パーク","北海道千歳市栄町6-61イオン千歳","イオン千歳キッズ・パーク 北海道千歳市栄町6-61イオン千歳"
"イスカンダル木更津","千葉県木更津市潮見4-1-2イスカンダル木更津","イスカンダル木更津 千葉県木更津市潮見4-1-2イスカンダル木更津"
"インターパークプラスワン宇都宮店","栃木県宇都宮市インターパーク6丁目5-1インターパーク宇都宮南","インターパークプラスワン宇都宮店 栃木県宇都宮市インターパーク6丁目5-1インターパーク宇都宮南"
"インターワールド伊勢崎","群馬県伊勢崎市宮子町3425-4","インターワールド伊勢崎 群馬県伊勢崎市宮子町3425-4"
"インターワールド幸手","埼玉県幸手市上高野2142-1","インターワールド幸手 埼玉県幸手市上高野2142-1"
"インフィニ店","青森県弘前市城東北3-10-1さくら野百貨4階","インフィニ店 青森県弘前市城東北3-10-1さくら野百貨4階"
"ウェアハウスアミューズ三橋店","埼玉県さいたま市西区三橋6-955-1ウェアハウス三橋","ウェアハウスアミューズ三橋店 埼玉県さいたま市西区三橋6-955-1ウェアハウス三橋"
"ウェアハウス一橋学園店","東京都小平市学園東町一丁目4番39号 平山ビル3F","ウェアハウス一橋学園店 東京都小平市学園東町一丁目4番39号 平山ビル3F"
"ウェアハウス上尾店","埼玉県上尾市二ツ宮1044番地","ウェアハウス上尾店 埼玉県上尾市二ツ宮1044番地"
"ウェアハウス保木間","東京都足立区保木間1-1-19","ウェアハウス保木間 東京都足立区保木間1-1-19"
"ウェアハウス入谷店","東京都足立区入谷7-8-11 1階ウェアハウス入谷","ウェアハウス入谷店 東京都足立区入谷7-8-11 1階ウェアハウス入谷"
"ウェアハウス南流山","千葉県流山市南流山4-16-6","ウェアハウス南流山 千葉県流山市南流山4-16-6"
"ウェアハウス四万十店","高知県四万十市右山五月町8-13","ウェアハウス四万十店 高知県四万十市右山五月町8-13"
"ウェアハウス岩槻店","埼玉県さいたま市岩槻区加倉3-3-63","ウェアハウス岩槻店 埼玉県さいたま市岩槻区加倉3-3-63"
"ウェアハウス草加(別館)","埼玉県草加市稲荷2丁目36番33号","ウェアハウス草加(別館) 埼玉県草加市稲荷2丁目36番33号"
"ウェアハウス越谷店","埼玉県越谷市南荻島841番地1","ウェアハウス越谷店 埼玉県越谷市南荻島841番地1"
"エブリデイFUNハウスこころっこアリオ橋本店","神奈川県相模原市緑区大山町1-22アリオ橋本2階(235区画) エブリデイFUNハウス","エブリデイFUNハウスこころっこアリオ橋本店 神奈川県相模原市緑区大山町1-22アリオ橋本2階(235区画) エブリデイFUNハウス"
"エースレーン守山","滋賀県守山市播磨田町231-4ACT守山3番館2F","エースレーン守山 滋賀県守山市播磨田町231-4ACT守山3番館2F"
"エースレーン愛知川店","滋賀県愛知郡愛荘町長野200","エースレーン愛知川店 滋賀県愛知郡愛荘町長野200"
"エースレーン近江八幡","滋賀県近江八幡市 出町736","エースレーン近江八幡 滋賀県近江八幡市 出町736"
"オリエンタルバッティングセンター可児","岐阜県可児市 今渡 695-1","オリエンタルバッティングセンター可児 岐阜県可児市 今渡 695-1"
"オークランドボウル春日井","愛知県春日井市鳥居松町3-111Fゲームコーナー","オークランドボウル春日井 愛知県春日井市鳥居松町3-111Fゲームコーナー"
"カプコサーカス新潟東店","新潟県新潟市東区大形本町3-1-2イオン新潟東","カプコサーカス新潟東店 新潟県新潟市東区大形本町3-1-2イオン新潟東"
"カードボックス周南","山口県周南市久米3219","カードボックス周南 山口県周南市久米3219"
"キャッツアイミュンヘン大橋店","北海道札幌市豊平区平岸一条23丁目801-1","キャッツアイミュンヘン大橋店 北海道札幌市豊平区平岸一条23丁目801-1"
"キャッツアイ八千代店","千葉県千葉県八千代市緑が丘西2丁目13番地3 ism緑が丘内","キャッツアイ八千代店 千葉県千葉県八千代市緑が丘西2丁目13番地3 ism緑が丘内"
"キャッツアイ宮の沢店","北海道札幌市手稲区西宮の沢 5 条 2 丁目 11-15","キャッツアイ宮の沢店 北海道札幌市手稲区西宮の沢 5 条 2 丁目 11-15"
"キャッツアイ恵庭店","北海道恵庭市住吉町2丁目9番1号","キャッツアイ恵庭店 北海道恵庭市住吉町2丁目9番1号"
"キャッツアイ新川店","北海道札幌市北区新川二条7丁目1-7キャッツアイ新川","キャッツアイ新川店 北海道札幌市北区新川二条7丁目1-7キャッツアイ新川"
"キャッツアイ新札幌店","北海道札幌市厚別区厚別東5条1丁目1-10キャッツアイ新札幌","キャッツアイ新札幌店 北海道札幌市厚別区厚別東5条1丁目1-10キャッツアイ新札幌"
"キャッツアイ東千葉店","千葉県千葉市中央区祐光3丁目2番1号","キャッツアイ東千葉店 千葉県千葉市中央区祐光3丁目2番1号"
"キャッツアイ東苗穂店","北海道札幌市東区東苗穂6条2丁目1-25","キャッツアイ東苗穂店 北海道札幌市東区東苗穂6条2丁目1-25"
"キャッツアイ清田店","北海道札幌市清田区清田一条一丁目20-1キャッツアイ清田","キャッツアイ清田店 北海道札幌市清田区清田一条一丁目20-1キャッツアイ清田"
"キャッツアイ篠路店","北海道札幌市北区篠路一条4丁目6-30キャッツアイ篠路","キャッツアイ篠路店 北海道札幌市北区篠路一条4丁目6-30キャッツアイ篠路"
"キャッツアイ苫小牧駅前店","北海道苫小牧市木場町1丁目3番地2","キャッツアイ苫小牧駅前店 北海道苫小牧市木場町1丁目3番地2"
"キャッツアイ西葛西店","東京都江戸川区西葛西4-2-28サニーモール西葛西3F","キャッツアイ西葛西店 東京都江戸川区西葛西4-2-28サニーモール西葛西3F"
"キャッツアイ静内","北海道日高郡新ひだか町静内木場町2-1-41","キャッツアイ静内 北海道日高郡新ひだか町静内木場町2-1-41"
"キャロム坂戸","埼玉県坂戸市関間2-151-1","キャロム坂戸 埼玉県坂戸市関間2-151-1"
"キャロム所沢店","埼玉県所沢市下安松969-1","キャロム所沢店 埼玉県所沢市下安松969-1"
"キャロム青梅店","東京都青梅市千ヶ瀬町4-326-1","キャロム青梅店 東京都青梅市千ヶ瀬町4-326-1"
"ギガステーション戸田店","埼玉県戸田市美女木943-7ギガステーション戸田","ギガステーション戸田店 埼玉県戸田市美女木943-7ギガステーション戸田"
"ゲームアイビス太子店","兵庫県揖保郡太子町太田2149ゲームアイビス太子店","ゲームアイビス太子店 兵庫県揖保郡太子町太田2149ゲームアイビス太子店"
"ゲームアルカナ","愛知県稲沢市朝府町2-33","ゲームアルカナ 愛知県稲沢市朝府町2-33"
"ゲームインファンファン藤沢新館","神奈川県藤沢市鵠沼石上1-3-8","ゲームインファンファン藤沢新館 神奈川県藤沢市鵠沼石上1-3-8"
"ゲームガリバー柏","千葉県柏市柏1-1-11 ファミリかしわB1F","ゲームガリバー柏 千葉県柏市柏1-1-11 ファミリかしわB1F"
"ゲームコスモ金沢文庫","神奈川県横浜市金沢区谷津町344","ゲームコスモ金沢文庫 神奈川県横浜市金沢区谷津町344"
"ゲームコング","愛知県豊田市広路町2-20","ゲームコング 愛知県豊田市広路町2-20"
"ゲームコーナー東部","宮城県仙台市若林区六丁の目中町26-60斎喜東部ビル2階","ゲームコーナー東部 宮城県仙台市若林区六丁の目中町26-60斎喜東部ビル2階"
"ゲームサファリ大山","東京都板橋区大山東町 60-10やすだ大山駅前2F","ゲームサファリ大山 東京都板橋区大山東町 60-10やすだ大山駅前2F"
"ゲームサファリ池袋","東京都豊島区東池袋1-42-3やすだ東池袋店2F","ゲームサファリ池袋 東京都豊島区東池袋1-42-3やすだ東池袋店2F"
"ゲームシティボストン大友","群馬県前橋市大友町3-7-3","ゲームシティボストン大友 群馬県前橋市大友町3-7-3"
"ゲームシティ川口店","埼玉県川口市栄町1-10-5","ゲームシティ川口店 埼玉県川口市栄町1-10-5"
"ゲームスタジオキューブ高円寺","東京都杉並区高円寺南4-26-12 福丸ビルB1F","ゲームスタジオキューブ高円寺 東京都杉並区高円寺南4-26-12 福丸ビルB1F"
"ゲームスペースA-3","福島県西白河郡西郷村豊作西15-16-17","ゲームスペースA-3 福島県西白河郡西郷村豊作西15-16-17"
"ゲームスポット207","富山県高岡市鐘紡町1655-3ゲームスポット207","ゲームスポット207 富山県高岡市鐘紡町1655-3ゲームスポット207"
"ゲームスポット306","富山県高岡市昭和町2-267-5","ゲームスポット306 富山県高岡市昭和町2-267-5"
"ゲームセンターテクノポリス","新潟県長岡市要町1-8-50","ゲームセンターテクノポリス 新潟県長岡市要町1-8-50"
"ゲームセンターベティ","石川県七尾市舟尾町ウ-38","ゲームセンターベティ 石川県七尾市舟尾町ウ-38"
"ゲームセンター電撃 ベイサイド店","鹿児島県鹿児島市浜町2番2","ゲームセンター電撃 ベイサイド店 鹿児島県鹿児島市浜町2番2"
"ゲームゾーンR一宮店","愛知県一宮市大字更屋敷字門60番地","ゲームゾーンR一宮店 愛知県一宮市大字更屋敷字門60番地"
"ゲームゾーン各務原店","岐阜県各務原市鵜沼各務原町5丁目286-1 ペタルビル","ゲームゾーン各務原店 岐阜県各務原市鵜沼各務原町5丁目286-1 ペタルビル"
"ゲームチャオ松阪","三重県松阪市船江町780","ゲームチャオ松阪 三重県松阪市船江町780"
"ゲームチャリオット五井店","千葉県市原市五井中央西2-1-2","ゲームチャリオット五井店 千葉県市原市五井中央西2-1-2"
"ゲームディーノ彦根","滋賀県彦根市西沼波町166","ゲームディーノ彦根 滋賀県彦根市西沼波町166"
"ゲームディーノ阪急茨木","大阪府茨木市永代町5 ソシオビルB1F","ゲームディーノ阪急茨木 大阪府茨木市永代町5 ソシオビルB1F"
"ゲームハウスアリババ","岐阜県大垣市池尻町940-1","ゲームハウスアリババ 岐阜県大垣市池尻町940-1"
"ゲームパドック・プラスワン古河店","茨城県古河市小堤1916-1ゲームパドック・プラスワン古河","ゲームパドック・プラスワン古河店 茨城県古河市小堤1916-1ゲームパドック・プラスワン古河"
"ゲームパニックつくば","茨城県土浦市中村東1-1-1サンタスワールド内","ゲームパニックつくば 茨城県土浦市中村東1-1-1サンタスワールド内"
"ゲームパニック三郷","埼玉県三郷市ピアラシティ1-1-200","ゲームパニック三郷 埼玉県三郷市ピアラシティ1-1-200"
"ゲームパニック堺","大阪府堺市堺区築港八幡町1番地1堺浜シーサイドステージ内堺浜エンタメ館","ゲームパニック堺 大阪府堺市堺区築港八幡町1番地1堺浜シーサイドステージ内堺浜エンタメ館"
"ゲームパニック新宿歌舞伎町","東京都新宿区歌舞伎町1-20-1 ヒューマックスパビリオン新宿歌舞伎町1F・2F","ゲームパニック新宿歌舞伎町 東京都新宿区歌舞伎町1-20-1 ヒューマックスパビリオン新宿歌舞伎町1F・2F"
"ゲームパニック甲府店","山梨県甲府市国母5-20-24ゲームパニック甲府","ゲームパニック甲府店 山梨県甲府市国母5-20-24ゲームパニック甲府"
"ゲームパニック秋葉原","東京都千代田区外神田1-13-1","ゲームパニック秋葉原 東京都千代田区外神田1-13-1"
"ゲームパラダイスゼロワン","神奈川県横須賀市若松町1-6ヨコビル3F","ゲームパラダイスゼロワン 神奈川県横須賀市若松町1-6ヨコビル3F"
"ゲームパーク石神井公園","東京都練馬区石神井町3-17-16","ゲームパーク石神井公園 東京都練馬区石神井町3-17-16"
"ゲームファクトリーマグマ草加店","埼玉県草加市氷川町1132-1","ゲームファクトリーマグマ草加店 埼玉県草加市氷川町1132-1"
"ゲームファンタジアン 精華店","岐阜県岐阜市鏡島精華2-2-1","ゲームファンタジアン 精華店 岐阜県岐阜市鏡島精華2-2-1"
"ゲームファンタジアン岡崎店","愛知県岡崎市錦町2番地4LOOP岡崎","ゲームファンタジアン岡崎店 愛知県岡崎市錦町2番地4LOOP岡崎"
"ゲームファンタジアン長久手","愛知県長久手市武蔵塚705","ゲームファンタジアン長久手 愛知県長久手市武蔵塚705"
"ゲームフィールド十文字店","秋田県横手市十文字町仁井田東22-1スーパーモールラッキー","ゲームフィールド十文字店 秋田県横手市十文字町仁井田東22-1スーパーモールラッキー"
"ゲームフェイス八尾店","大阪府八尾市天王寺屋2-68八尾ボールアロー","ゲームフェイス八尾店 大阪府八尾市天王寺屋2-68八尾ボールアロー"
"ゲームフェスタミタマ","青森県弘前市駅前町5-5","ゲームフェスタミタマ 青森県弘前市駅前町5-5"
"ゲームプラザセントラル八王子","東京都八王子市東町12-15第五セントラルビル","ゲームプラザセントラル八王子 東京都八王子市東町12-15第五セントラルビル"
"ゲームプラザセントラル浦安店","千葉県浦安市北栄1-16-15第四セントラルビル","ゲームプラザセントラル浦安店 千葉県浦安市北栄1-16-15第四セントラルビル"
"ゲームポイントシャトーEX","大阪府大阪市都島区東野田町3-9-3","ゲームポイントシャトーEX 大阪府大阪市都島区東野田町3-9-3"
"ゲームメガつくば店","茨城県つくば市小野崎177-2","ゲームメガつくば店 茨城県つくば市小野崎177-2"
"ゲームメガみらい平店","茨城県つくばみらい市陽光台1-14-1ゲームメガみらい平店","ゲームメガみらい平店 茨城県つくばみらい市陽光台1-14-1ゲームメガみらい平店"
"ゲームラボ サイドセブン","大分県大分市上宗方1-649-1","ゲームラボ サイドセブン 大分県大分市上宗方1-649-1"
"ゲームランド 津田沼店","千葉県習志野市津田沼1-23-1","ゲームランド 津田沼店 千葉県習志野市津田沼1-23-1"
"ゲームランドちはら台店","千葉県市原市ちはら台西3-4unimoちはら台ショッピングセンター2階","ゲームランドちはら台店 千葉県市原市ちはら台西3-4unimoちはら台ショッピングセンター2階"
"ゲームランドつがる柏店","青森県つがる市柏稲盛幾世41イオンモールつがる柏ショッピングセンター2F","ゲームランドつがる柏店 青森県つがる市柏稲盛幾世41イオンモールつがる柏ショッピングセンター2F"
"ゲームランドジョイジャングル美浜店","沖縄県中頭郡北谷町美浜15-68ドラゴンパレス2階","ゲームランドジョイジャングル美浜店 沖縄県中頭郡北谷町美浜15-68ドラゴンパレス2階"
"ゲームランド千葉ニュータウン店","千葉県印西市中央北3丁目3番イオン千葉ニュータウン2階","ゲームランド千葉ニュータウン店 千葉県印西市中央北3丁目3番イオン千葉ニュータウン2階"
"ゲームランド岡崎店","愛知県岡崎市戸崎町外山38-5イオンモール岡崎","ゲームランド岡崎店 愛知県岡崎市戸崎町外山38-5イオンモール岡崎"
"ゲームランド新さっぽろ店","北海道札幌市厚別区厚別中央2条5-7カテプリさっぽろ 3F","ゲームランド新さっぽろ店 北海道札幌市厚別区厚別中央2条5-7カテプリさっぽろ 3F"
"ゲームランド盛岡店","岩手県盛岡市前潟4-7-1イオンモール盛岡 2F","ゲームランド盛岡店 岩手県盛岡市前潟4-7-1イオンモール盛岡 2F"
"ゲームランド草津店","滋賀県草津市新浜町300番地イオン草津3階","ゲームランド草津店 滋賀県草津市新浜町300番地イオン草津3階"
"ゲームリボン東十条","東京都北区東十条4-4-23 岩本ビル","ゲームリボン東十条 東京都北区東十条4-4-23 岩本ビル"
"ゲーム・キング・ジョイ","愛知県名古屋市中区栄3-3-32","ゲーム・キング・ジョイ 愛知県名古屋市中区栄3-3-32"
"ゲーム・パラダイス","石川県金沢市堀川新町5-1アミューズメントスクエア3F","ゲーム・パラダイス 石川県金沢市堀川新町5-1アミューズメントスクエア3F"
"コスミックプラザABC","大阪府寝屋川市早子町18-14","コスミックプラザABC 大阪府寝屋川市早子町18-14"
"コムテックスクウェア","愛知県名古屋市中区金山1-16-8","コムテックスクウェア 愛知県名古屋市中区金山1-16-8"
"コムテックタワー","愛知県名古屋市中村区名駅4-10-20","コムテックタワー 愛知県名古屋市中村区名駅4-10-20"
"コムテックプラザ店","愛知県日進市赤池1-2901","コムテックプラザ店 愛知県日進市赤池1-2901"
"ゴーゴーバンビーノ","熊本県人吉市下林町122番1","ゴーゴーバンビーノ 熊本県人吉市下林町122番1"
"サンゲームス佐世保店","長崎県佐世保市田原町38-1","サンゲームス佐世保店 長崎県佐世保市田原町38-1"
"サンゲームス天文館店","鹿児島県鹿児島市千日町5-6","サンゲームス天文館店 鹿児島県鹿児島市千日町5-6"
"サンゲームス新宮店","福岡県糟屋郡新宮町美咲3-1-40新宮ドーム","サンゲームス新宮店 福岡県糟屋郡新宮町美咲3-1-40新宮ドーム"
"サンゲームス熊本インタープラザ","熊本県熊本市東区御領8-4-82","サンゲームス熊本インタープラザ 熊本県熊本市東区御領8-4-82"
"サンゲームス都城北","宮崎県都城市上川東4丁目5997-4","サンゲームス都城北 宮崎県都城市上川東4丁目5997-4"
"サービスエリアイン高岡","富山県高岡市下石瀬857-1","サービスエリアイン高岡 富山県高岡市下石瀬857-1"
"サープラ横浜あそびタウン","神奈川県横浜市都筑区中川中央1-25―1ノースポート・モール6階","サープラ横浜あそびタウン 神奈川県横浜市都筑区中川中央1-25―1ノースポート・モール6階"
"ザ・サードプラネット OZ浜松店","静岡県浜松市東区宮竹町322-1OZ浜松","ザ・サードプラネット OZ浜松店 静岡県浜松市東区宮竹町322-1OZ浜松"
"ザ・サードプラネット 長野大通り店","長野県長野市権堂町1506番地3長電権堂第2ビル1階","ザ・サードプラネット 長野大通り店 長野県長野市権堂町1506番地3長電権堂第2ビル1階"
"ザ・サードプラネットBiVi京都二条店","京都府京都市中京区西ノ京栂尾町107番地ザ・サードプラネットBiVi京都二条","ザ・サードプラネットBiVi京都二条店 京都府京都市中京区西ノ京栂尾町107番地ザ・サードプラネットBiVi京都二条"
"ザ・サードプラネットBiVi仙台店","宮城県仙台市宮城野区榴岡2-1-25BiVi仙台","ザ・サードプラネットBiVi仙台店 宮城県仙台市宮城野区榴岡2-1-25BiVi仙台"
"ザ・サードプラネットBiVi沼津店","静岡県沼津市大手町1-1-5BiVi沼津","ザ・サードプラネットBiVi沼津店 静岡県沼津市大手町1-1-5BiVi沼津"
"ザ・サードプラネットピボット福島店","福島県福島市栄町1-1パワーシティピボット","ザ・サードプラネットピボット福島店 福島県福島市栄町1-1パワーシティピボット"
"ザ・サードプラネットフレスポJP鹿児島店","鹿児島県鹿児島市与次郎1-11-1フレスポジャングルパーク2階","ザ・サードプラネットフレスポJP鹿児島店 鹿児島県鹿児島市与次郎1-11-1フレスポジャングルパーク2階"
"ザ・サードプラネットフレスポ八潮店","埼玉県八潮市大瀬822-1フレスポ八潮3階","ザ・サードプラネットフレスポ八潮店 埼玉県八潮市大瀬822-1フレスポ八潮3階"
"ザ・サードプラネット富士店","静岡県富士市永田町2-99ザ・サードプラネット富士","ザ・サードプラネット富士店 静岡県富士市永田町2-99ザ・サードプラネット富士"
"ザ・サードプラネット焼津","静岡県焼津市八楠3-18-5ザ・サードプラネット焼津","ザ・サードプラネット焼津 静岡県焼津市八楠3-18-5ザ・サードプラネット焼津"
"ザ・サードプラネット荒尾店","熊本県荒尾市原万田700-1","ザ・サードプラネット荒尾店 熊本県荒尾市原万田700-1"
"ザ・サードプラネット高崎","群馬県高崎市下和田町5-3-8メディアメガ高崎","ザ・サードプラネット高崎 群馬県高崎市下和田町5-3-8メディアメガ高崎"
"シルクハット 八王子","東京都八王子市旭町2-5八王子ツインタワービル3階","シルクハット 八王子 東京都八王子市旭町2-5八王子ツインタワービル3階"
"シルクハット 大船","神奈川県鎌倉市大船1-24大船駅前ビル1階、2階、3階","シルクハット 大船 神奈川県鎌倉市大船1-24大船駅前ビル1階、2階、3階"
"シルクハット 川口","埼玉県川口市栄町3-1-16イート川口ビル4階","シルクハット 川口 埼玉県川口市栄町3-1-16イート川口ビル4階"
"シルクハット 川崎ダイス","神奈川県川崎市川崎区駅前本町8番地ダイスビル地下2階","シルクハット 川崎ダイス 神奈川県川崎市川崎区駅前本町8番地ダイスビル地下2階"
"シルクハット 川崎モアーズ","神奈川県川崎市川崎区駅前本町7番地岡田屋モアーズ1・2階","シルクハット 川崎モアーズ 神奈川県川崎市川崎区駅前本町7番地岡田屋モアーズ1・2階"
"シルクハット 津田沼","千葉県習志野市津田沼1-2-1十三ビル 地下1階","シルクハット 津田沼 千葉県習志野市津田沼1-2-1十三ビル 地下1階"
"シルクハット 蒲田西口","東京都大田区西蒲田7-2-3第二醍醐ビル地下1階ー2階","シルクハット 蒲田西口 東京都大田区西蒲田7-2-3第二醍醐ビル地下1階ー2階"
"シルクハット伊勢佐木町","神奈川県横浜市中区伊勢佐木町3-96日活会館3F","シルクハット伊勢佐木町 神奈川県横浜市中区伊勢佐木町3-96日活会館3F"
"シルクハット大森店","東京都大田区山王2-2-15","シルクハット大森店 東京都大田区山王2-2-15"
"シルクハット本厚木","神奈川県厚木市中町3-4-22第二会田ビル2F","シルクハット本厚木 神奈川県厚木市中町3-4-22第二会田ビル2F"
"シルクハット横須賀中央","神奈川県横須賀市若松町1-5 横須賀プライム2階","シルクハット横須賀中央 神奈川県横須賀市若松町1-5 横須賀プライム2階"
"シーサイドリゾートアミューズメントパーク","栃木県宇都宮市睦町7-3","シーサイドリゾートアミューズメントパーク 栃木県宇都宮市睦町7-3"
"ジョイランドアミューズ諏訪店","静岡県沼津市大諏訪叶20-2ジョイランドアミューズ諏訪","ジョイランドアミューズ諏訪店 静岡県沼津市大諏訪叶20-2ジョイランドアミューズ諏訪"
"ジョイランド三島","静岡県三島市梅名308-6","ジョイランド三島 静岡県三島市梅名308-6"
"ジョイランド敦賀店","福井県敦賀市木崎40-12","ジョイランド敦賀店 福井県敦賀市木崎40-12"
"スタジオプリモ宇都宮店","栃木県宇都宮市曲師町2-8","スタジオプリモ宇都宮店 栃木県宇都宮市曲師町2-8"
"スタジオプリモ本八幡店","千葉県市川市八幡2-15-10パティオ5F","スタジオプリモ本八幡店 千葉県市川市八幡2-15-10パティオ5F"
"スペースV1 廿日市","広島県廿日市市本町4-23","スペースV1 廿日市 広島県廿日市市本町4-23"
"スペースワン","福岡県小郡市小郡1466-3","スペースワン 福岡県小郡市小郡1466-3"
"スポラ九品寺","熊本県熊本市中央区九品寺5-10-15","スポラ九品寺 熊本県熊本市中央区九品寺5-10-15"
"スポラ菊陽","熊本県菊池郡菊陽町 津久礼駄飼代 2617-2","スポラ菊陽 熊本県菊池郡菊陽町 津久礼駄飼代 2617-2"
"スポーツウェーブ鉄腕24浜野店","千葉県千葉市中央区浜野町1025-59","スポーツウェーブ鉄腕24浜野店 千葉県千葉市中央区浜野町1025-59"
"スポーツウェーブ鉄腕24稲毛長沼店","千葉県千葉市稲毛区長沼原町694","スポーツウェーブ鉄腕24稲毛長沼店 千葉県千葉市稲毛区長沼原町694"
"スーパーウェーブ静岡店","静岡県静岡市清水区鳥坂860 フレスポ静岡2F西","スーパーウェーブ静岡店 静岡県静岡市清水区鳥坂860 フレスポ静岡2F西"
"スーパーノバ イオン仙台中山","宮城県仙台市泉区南中山1丁目35-57 別館3階","スーパーノバ イオン仙台中山 宮城県仙台市泉区南中山1丁目35-57 別館3階"
"スーパーノバ仙台一番町","宮城県 仙台市青葉区 一番町 4-5-13 サンシャインビル1F","スーパーノバ仙台一番町 宮城県 仙台市青葉区 一番町 4-5-13 サンシャインビル1F"
"スーパーノバ仙台利府店","宮城県宮城郡利府町加瀬前谷地55-1利府ベアガーデン","スーパーノバ仙台利府店 宮城県宮城郡利府町加瀬前谷地55-1利府ベアガーデン"
"スーパーノバ会津インター店","福島県会津若松市町北町上荒久田宮下142スーパーノバ会津インター","スーパーノバ会津インター店 福島県会津若松市町北町上荒久田宮下142スーパーノバ会津インター"
"スーパーノバ天童店","山形県天童市南町1―5―26らら・パーク天童","スーパーノバ天童店 山形県天童市南町1―5―26らら・パーク天童"
"スーパーノバ福島店","福島県福島市黒岩中島7-2スーパーノバ福島","スーパーノバ福島店 福島県福島市黒岩中島7-2スーパーノバ福島"
"セガワールド豊科","長野県安曇野市豊科南穂高1115セガワールド豊科","セガワールド豊科 長野県安曇野市豊科南穂高1115セガワールド豊科"
"セガワールド高山","岐阜県高山市上岡本町7丁目7","セガワールド高山 岐阜県高山市上岡本町7丁目7"
"ソニックワールド伊万里店","佐賀県伊万里市二里町八谷搦189番地3ソニックワールド伊万里","ソニックワールド伊万里店 佐賀県伊万里市二里町八谷搦189番地3ソニックワールド伊万里"
"ソニックワールド大村店","長崎県大村市古賀島町383-1ソニックワールド大村","ソニックワールド大村店 長崎県大村市古賀島町383-1ソニックワールド大村"
"ソユーエンターテイメントスタジオ須賀川店","福島県須賀川市古河105番イオンタウン須賀川B棟内","ソユーエンターテイメントスタジオ須賀川店 福島県須賀川市古河105番イオンタウン須賀川B棟内"
"ソユーゲームフィールド堺鉄砲町店","大阪府堺市堺区鉄砲町1番地イオンモール堺鉄砲町3階","ソユーゲームフィールド堺鉄砲町店 大阪府堺市堺区鉄砲町1番地イオンモール堺鉄砲町3階"
"ソユーゲームフィールド旭川西店","北海道旭川市緑町23-2161-3イオン旭川西3階","ソユーゲームフィールド旭川西店 北海道旭川市緑町23-2161-3イオン旭川西3階"
"ソユーゲームフィールド木更津店","千葉県木更津市築地1番4イオンモール木更津2階","ソユーゲームフィールド木更津店 千葉県木更津市築地1番4イオンモール木更津2階"
"ソユーゲームフィールド札幌発寒店","北海道札幌市西区発寒八条12-1-1イオンモール札幌発寒3F","ソユーゲームフィールド札幌発寒店 北海道札幌市西区発寒八条12-1-1イオンモール札幌発寒3F"
"ソユーゲームフィールド盛岡南店","岩手県盛岡市本宮7-1-1イオン盛岡南1F","ソユーゲームフィールド盛岡南店 岩手県盛岡市本宮7-1-1イオン盛岡南1F"
"ソユーゲームフィールド能代店","秋田県能代市鰄渕字古屋布1番 イオンタウン能代内","ソユーゲームフィールド能代店 秋田県能代市鰄渕字古屋布1番 イオンタウン能代内"
"ソユーゲームフィールド菖蒲","埼玉県久喜市菖蒲町菖蒲6005番地1号モラージュ菖蒲3F","ソユーゲームフィールド菖蒲 埼玉県久喜市菖蒲町菖蒲6005番地1号モラージュ菖蒲3F"
"ソユートイズニューヨーク守谷","茨城県守谷市百合ケ丘3―249―1イオンタウン守谷2階","ソユートイズニューヨーク守谷 茨城県守谷市百合ケ丘3―249―1イオンタウン守谷2階"
"ソユーファミリーゲームフィールド花巻店","岩手県花巻市高木第16地割68-6銀河モール花巻","ソユーファミリーゲームフィールド花巻店 岩手県花巻市高木第16地割68-6銀河モール花巻"
"ソユーフォレストハンター松前店","愛媛県伊予郡松前町筒井850エミフルMASAKI1階","ソユーフォレストハンター松前店 愛媛県伊予郡松前町筒井850エミフルMASAKI1階"
"タイトFーステーション郡山オリエントパーク","福島県郡山市安積町荒井字大久保35-1","タイトFーステーション郡山オリエントパーク 福島県郡山市安積町荒井字大久保35-1"
"タイト―Fステーション川崎ルフロン店","神奈川県川崎市川崎区日進町1-11川崎ルフロン10F","タイト―Fステーション川崎ルフロン店 神奈川県川崎市川崎区日進町1-11川崎ルフロン10F"
"タイトーFステーション オリナス錦糸町店","東京都墨田区太平4―1-2オリナスモール地下1階","タイトーFステーション オリナス錦糸町店 東京都墨田区太平4―1-2オリナスモール地下1階"
"タイトーFステーション セントポルタ大分店","大分県大分市中央町2‐1-1","タイトーFステーション セントポルタ大分店 大分県大分市中央町2‐1-1"
"タイトーFステーション ニシムタ出水店","鹿児島県出水市六月田町347","タイトーFステーション ニシムタ出水店 鹿児島県出水市六月田町347"
"タイトーFステーション マルイファミリー志木店","埼玉県志木市本町5-26-1 マルイファミリー志木店 7F","タイトーFステーション マルイファミリー志木店 埼玉県志木市本町5-26-1 マルイファミリー志木店 7F"
"タイトーFステーション モラージュ佐賀店","佐賀県佐賀市巨勢町牛島730モラージュ佐賀2F","タイトーFステーション モラージュ佐賀店 佐賀県佐賀市巨勢町牛島730モラージュ佐賀2F"
"タイトーFステーション 山口メルクス店","山口県山口市大字黒川82-1ハイパーモールメルクス山口","タイトーFステーション 山口メルクス店 山口県山口市大字黒川82-1ハイパーモールメルクス山口"
"タイトーFステーション 近江八幡店","滋賀県近江八幡市鷹飼町南3-7イオン近江八幡","タイトーFステーション 近江八幡店 滋賀県近江八幡市鷹飼町南3-7イオン近江八幡"
"タイトーFステーションVAL小山","栃木県小山市城山町3-3-22 VAL小山駅ビル3F","タイトーFステーションVAL小山 栃木県小山市城山町3-3-22 VAL小山駅ビル3F"
"タイトーFステーションゆめタウンみゆき","広島県広島市南区宇品西6-7-14ゆめタウンみゆき2階","タイトーFステーションゆめタウンみゆき 広島県広島市南区宇品西6-7-14ゆめタウンみゆき2階"
"タイトーFステーションゆめタウン東広島店","広島県東広島市西条土与丸1-5-7ゆめタウン東広島4階","タイトーFステーションゆめタウン東広島店 広島県東広島市西条土与丸1-5-7ゆめタウン東広島4階"
"タイトーFステーションりんくうシークル店","大阪府泉佐野市りんくう往来3りんくうPTシークル","タイトーFステーションりんくうシークル店 大阪府泉佐野市りんくう往来3りんくうPTシークル"
"タイトーFステーションイオンモール浜松市野店","静岡県浜松市東区天王町1981-3イオンモール浜松市野2F","タイトーFステーションイオンモール浜松市野店 静岡県浜松市東区天王町1981-3イオンモール浜松市野2F"
"タイトーFステーションイオン伊勢原店","神奈川県伊勢原市白根630-1イオン伊勢原3F","タイトーFステーションイオン伊勢原店 神奈川県伊勢原市白根630-1イオン伊勢原3F"
"タイトーFステーションイオン富士宮店","静岡県富士宮市浅間町1番8号イオン富士宮3階","タイトーFステーションイオン富士宮店 静岡県富士宮市浅間町1番8号イオン富士宮3階"
"タイトーFステーションイオン新潟西店","新潟県新潟市西区小新南2-1-10イオン新潟西3F","タイトーFステーションイオン新潟西店 新潟県新潟市西区小新南2-1-10イオン新潟西3F"
"タイトーFステーションクレアモール川越店","埼玉県川越市新富町2-1-13カシーラ川越1Fから4F","タイトーFステーションクレアモール川越店 埼玉県川越市新富町2-1-13カシーラ川越1Fから4F"
"タイトーFステーションダイエー大宮","埼玉県さいたま市大宮区桜木町2‐3大宮西口共同ビル6F","タイトーFステーションダイエー大宮 埼玉県さいたま市大宮区桜木町2‐3大宮西口共同ビル6F"
"タイトーFステーショントナリエ宇都宮","栃木県宇都宮市駅前通り1-4-6トナリエ宇都宮B1","タイトーFステーショントナリエ宇都宮 栃木県宇都宮市駅前通り1-4-6トナリエ宇都宮B1"
"タイトーFステーションマルナカ新倉敷店","岡山県倉敷市玉島爪崎981-1マルナカ新倉敷","タイトーFステーションマルナカ新倉敷店 岡山県倉敷市玉島爪崎981-1マルナカ新倉敷"
"タイトーFステーションラザウォーク甲斐双葉店","山梨県甲斐市志田字柿木616-1ラザウォーク甲斐双葉アミューズメント棟1F","タイトーFステーションラザウォーク甲斐双葉店 山梨県甲斐市志田字柿木616-1ラザウォーク甲斐双葉アミューズメント棟1F"
"タイトーFステーション三宮","兵庫県神戸市中央区三宮町2-11-1神戸センタープラザ3F","タイトーFステーション三宮 兵庫県神戸市中央区三宮町2-11-1神戸センタープラザ3F"
"タイトーFステーション上越店","新潟県上越市富岡3524J-MAXシアター内1F","タイトーFステーション上越店 新潟県上越市富岡3524J-MAXシアター内1F"
"タイトーFステーション八戸店","青森県八戸市三日町27","タイトーFステーション八戸店 青森県八戸市三日町27"
"タイトーFステーション前橋リリカ","群馬県前橋市国領町2-14-1前橋リリカ2F","タイトーFステーション前橋リリカ 群馬県前橋市国領町2-14-1前橋リリカ2F"
"タイトーFステーション吉祥寺JOY","東京都武蔵野市吉祥寺本町1-8-23河田ビル1F","タイトーFステーション吉祥寺JOY 東京都武蔵野市吉祥寺本町1-8-23河田ビル1F"
"タイトーFステーション向ヶ丘遊園","神奈川県川崎市多摩区登戸2718-1","タイトーFステーション向ヶ丘遊園 神奈川県川崎市多摩区登戸2718-1"
"タイトーFステーション坂東店","茨城県坂東市辺田1104-1ヨークベニマル坂東","タイトーFステーション坂東店 茨城県坂東市辺田1104-1ヨークベニマル坂東"
"タイトーFステーション姫路","兵庫県姫路市駅前町269‐270","タイトーFステーション姫路 兵庫県姫路市駅前町269‐270"
"タイトーFステーション小山店","栃木県小山市喜沢1475おやまゆうえんハーヴェストウォーク","タイトーFステーション小山店 栃木県小山市喜沢1475おやまゆうえんハーヴェストウォーク"
"タイトーFステーション市川妙典店","千葉県市川市妙典4-1-1イオン市川妙典2番街2階","タイトーFステーション市川妙典店 千葉県市川市妙典4-1-1イオン市川妙典2番街2階"
"タイトーFステーション柏中央","千葉県柏市十余二249-5","タイトーFステーション柏中央 千葉県柏市十余二249-5"
"タイトーFステーション燕三条店","新潟県燕市井土巻3-150イオン県央1階","タイトーFステーション燕三条店 新潟県燕市井土巻3-150イオン県央1階"
"タイトーFステーション盛岡南店","岩手県盛岡市津志田町2-1-77","タイトーFステーション盛岡南店 岩手県盛岡市津志田町2-1-77"
"タイトーFステーション郡山アティ店","福島県郡山市駅前1-16-7郡山アティ7F","タイトーFステーション郡山アティ店 福島県郡山市駅前1-16-7郡山アティ7F"
"タイトーFステーション野市店","高知県香南市野市町西野2007-1フジグラン野市","タイトーFステーション野市店 高知県香南市野市町西野2007-1フジグラン野市"
"タイトーFステーション静岡店","静岡県静岡市葵区呉服町二丁目5番地4ふしみや第2ビル","タイトーFステーション静岡店 静岡県静岡市葵区呉服町二丁目5番地4ふしみや第2ビル"
"タイトーステーション 国分寺店","東京都国分寺市本町3-5-11","タイトーステーション 国分寺店 東京都国分寺市本町3-5-11"
"タイトーステーション 所沢店","埼玉県所沢市日吉町3番7号スカイビュウビル1、2F","タイトーステーション 所沢店 埼玉県所沢市日吉町3番7号スカイビュウビル1、2F"
"タイトーステーション 立川北口店","東京都立川市曙町2-4-5","タイトーステーション 立川北口店 東京都立川市曙町2-4-5"
"タイトーステーション 船橋","千葉県船橋市本町1丁目6-1タイトーステーション船橋","タイトーステーション 船橋 千葉県船橋市本町1丁目6-1タイトーステーション船橋"
"タイトーステーションBIGBOX高田馬場","東京都新宿区高田馬場1-35-3BIGBOX6階","タイトーステーションBIGBOX高田馬場 東京都新宿区高田馬場1-35-3BIGBOX6階"
"タイトーステーションBIGFUN平和島店","東京都大田区平和島 1-1-1BIGFUN平和島3F","タイトーステーションBIGFUN平和島店 東京都大田区平和島 1-1-1BIGFUN平和島3F"
"タイトーステーションアミュプラザおおいた","大分県大分市要町1-14アミュプラザおおいた4階","タイトーステーションアミュプラザおおいた 大分県大分市要町1-14アミュプラザおおいた4階"
"タイトーステーションファボーレ婦中店","富山県富山市婦中町下轡田165-1フューチャーシティファボーレ2階","タイトーステーションファボーレ婦中店 富山県富山市婦中町下轡田165-1フューチャーシティファボーレ2階"
"タイトーステーションフェドラ大須店","愛知県名古屋市中区大須3丁目30番地31号萬松寺駐車場ビル1階","タイトーステーションフェドラ大須店 愛知県名古屋市中区大須3丁目30番地31号萬松寺駐車場ビル1階"
"タイトーステーション上野御徒町","東京都台東区上野4-6-9","タイトーステーション上野御徒町 東京都台東区上野4-6-9"
"タイトーステーション仙台クリスロード店","宮城県仙台市青葉区中央2-3-25","タイトーステーション仙台クリスロード店 宮城県仙台市青葉区中央2-3-25"
"タイトーステーション仙台ベガロポリス店","宮城県仙台市太白区西多賀5-24-1ベガロポリス","タイトーステーション仙台ベガロポリス店 宮城県仙台市太白区西多賀5-24-1ベガロポリス"
"タイトーステーション仙台名掛丁店","宮城県仙台市青葉区中央1-7-13ハピナ名掛丁商街","タイトーステーション仙台名掛丁店 宮城県仙台市青葉区中央1-7-13ハピナ名掛丁商街"
"タイトーステーション千歳","北海道千歳市北栄2-12-5","タイトーステーション千歳 北海道千歳市北栄2-12-5"
"タイトーステーション和光店","埼玉県和光市丸山台1-4-5タイトーステーション和光","タイトーステーション和光店 埼玉県和光市丸山台1-4-5タイトーステーション和光"
"タイトーステーション大宮店","埼玉県さいたま市大宮区大門町一丁目1番地タイトーステーション大宮","タイトーステーション大宮店 埼玉県さいたま市大宮区大門町一丁目1番地タイトーステーション大宮"
"タイトーステーション大阪日本橋店","大阪府大阪市浪速区日本橋4-9-14タイトーステーション大阪日本橋","タイトーステーション大阪日本橋店 大阪府大阪市浪速区日本橋4-9-14タイトーステーション大阪日本橋"
"タイトーステーション大須店","愛知県名古屋市中区大須3-20-7タイトーステーション大須","タイトーステーション大須店 愛知県名古屋市中区大須3-20-7タイトーステーション大須"
"タイトーステーション小田原シティーモールクレッセ店","神奈川県小田原市前川120小田原シティーモールクレッセ2F","タイトーステーション小田原シティーモールクレッセ店 神奈川県小田原市前川120小田原シティーモールクレッセ2F"
"タイトーステーション小田原店","神奈川県小田原市栄町1-3-12","タイトーステーション小田原店 神奈川県小田原市栄町1-3-12"
"タイトーステーション広島本通店","広島県広島市中区本通3-5タイトーステーション広島本通","タイトーステーション広島本通店 広島県広島市中区本通3-5タイトーステーション広島本通"
"タイトーステーション広島紙屋町店","広島県広島市中区紙屋町2ー2-21タイトーステーション広島紙屋町","タイトーステーション広島紙屋町店 広島県広島市中区紙屋町2ー2-21タイトーステーション広島紙屋町"
"タイトーステーション弥富","愛知県弥富市五明蒲原1371-4タイトーステーション弥富","タイトーステーション弥富 愛知県弥富市五明蒲原1371-4タイトーステーション弥富"
"タイトーステーション戸塚西口店","神奈川県横浜市戸塚区戸塚町4023番地","タイトーステーション戸塚西口店 神奈川県横浜市戸塚区戸塚町4023番地"
"タイトーステーション新宿南口GW店","東京都新宿区新宿3-35-8タイトーステーション新宿南口GW","タイトーステーション新宿南口GW店 東京都新宿区新宿3-35-8タイトーステーション新宿南口GW"
"タイトーステーション新宿東口店","東京都新宿区新宿3-22-7指田ビル","タイトーステーション新宿東口店 東京都新宿区新宿3-22-7指田ビル"
"タイトーステーション旭サンモール店","千葉県旭市イ-2676-1イオン旭3F","タイトーステーション旭サンモール店 千葉県旭市イ-2676-1イオン旭3F"
"タイトーステーション札幌狸小路2丁目店","北海道札幌市中央区南三条西2-14","タイトーステーション札幌狸小路2丁目店 北海道札幌市中央区南三条西2-14"
"タイトーステーション柏店","千葉県柏市柏2-3-1フーサワビル","タイトーステーション柏店 千葉県柏市柏2-3-1フーサワビル"
"タイトーステーション横浜西口五番街店","神奈川県横浜市西区南幸1-12-9タイトーステーション横浜西口五番街","タイトーステーション横浜西口五番街店 神奈川県横浜市西区南幸1-12-9タイトーステーション横浜西口五番街"
"タイトーステーション池袋西口","東京都豊島区西池袋1丁目15番9号西池ビル","タイトーステーション池袋西口 東京都豊島区西池袋1丁目15番9号西池ビル"
"タイトーステーション浅草","東京都台東区浅草1-27-3タイトーステーション浅草","タイトーステーション浅草 東京都台東区浅草1-27-3タイトーステーション浅草"
"タイトーステーション海老名ビナウォーク店","神奈川県海老名市中央1ー18-1ビナウォーク6番館2F","タイトーステーション海老名ビナウォーク店 神奈川県海老名市中央1ー18-1ビナウォーク6番館2F"
"タイトーステーション渋谷店","東京都渋谷区渋谷1-24-12渋谷東映プラザ1階 タイトーステーション内","タイトーステーション渋谷店 東京都渋谷区渋谷1-24-12渋谷東映プラザ1階 タイトーステーション内"
"タイトーステーション町田店","東京都町田市原町田6-21-23松山ビル1F","タイトーステーション町田店 東京都町田市原町田6-21-23松山ビル1F"
"タイトーステーション盛岡マッハランド店","岩手県盛岡市上堂1-2-38タイトーステーション盛岡マッハランド","タイトーステーション盛岡マッハランド店 岩手県盛岡市上堂1-2-38タイトーステーション盛岡マッハランド"
"タイトーステーション福岡天神店","福岡県福岡市中央区天神2ー6ー35サザンクロスビル","タイトーステーション福岡天神店 福岡県福岡市中央区天神2ー6ー35サザンクロスビル"
"タイトーステーション秋葉原店","東京都千代田区外神田4-2-2貴三ビル","タイトーステーション秋葉原店 東京都千代田区外神田4-2-2貴三ビル"
"タイトーステーション藤沢店","神奈川県藤沢市南藤沢21-1","タイトーステーション藤沢店 神奈川県藤沢市南藤沢21-1"
"タイトーステーション衣山店","愛媛県松山市衣山1丁目188パルティフジ衣山","タイトーステーション衣山店 愛媛県松山市衣山1丁目188パルティフジ衣山"
"タイトーステーション金沢","石川県金沢市片町2-1-7宇都宮片町ビル1F","タイトーステーション金沢 石川県金沢市片町2-1-7宇都宮片町ビル1F"
"タイトーステーション錦糸町楽天地店","東京都墨田区江東橋4-27-14楽天地ビル1階","タイトーステーション錦糸町楽天地店 東京都墨田区江東橋4-27-14楽天地ビル1階"
"タイトーステーション難波","大阪府大阪市中央区難波千日前15-12タイトーステーション難波","タイトーステーション難波 大阪府大阪市中央区難波千日前15-12タイトーステーション難波"
"タイトーステーション青森アムゼ店","青森県青森市緑3-9-2イオン青森","タイトーステーション青森アムゼ店 青森県青森市緑3-9-2イオン青森"
"ダイナソアエイジ","大阪府大府市東新町3-88","ダイナソアエイジ 大阪府大府市東新町3-88"
"チャットタウン北上店","岩手県北上市鬼柳町19-71番地外江釣子パルショッピングセンター","チャットタウン北上店 岩手県北上市鬼柳町19-71番地外江釣子パルショッピングセンター"
"チャレンジャーガムガム","大阪府吹田市岸部南1-24-9","チャレンジャーガムガム 大阪府吹田市岸部南1-24-9"
"テクモピア船橋南口","千葉県船橋市本町1-7-6 ドリーム船橋3F","テクモピア船橋南口 千葉県船橋市本町1-7-6 ドリーム船橋3F"
"ディノスパーク北見","北海道北見市西三輪5―1―16ディノスパーク北見","ディノスパーク北見 北海道北見市西三輪5―1―16ディノスパーク北見"
"ディノスパーク帯広","北海道帯広市白樺16条西2丁目ドリームタウン白樺","ディノスパーク帯広 北海道帯広市白樺16条西2丁目ドリームタウン白樺"
"ディノスパーク札幌手稲店","北海道札幌市手稲区前田1条11丁目メルシャンプラースビル3階","ディノスパーク札幌手稲店 北海道札幌市手稲区前田1条11丁目メルシャンプラースビル3階"
"ディノスパーク苫小牧","北海道苫小牧市柳町3丁目1-20イオン苫小牧2階","ディノスパーク苫小牧 北海道苫小牧市柳町3丁目1-20イオン苫小牧2階"
"ディノスパーク音更店","北海道河東郡音更町木野大通西15丁目2番地12 ビッグマート B棟","ディノスパーク音更店 北海道河東郡音更町木野大通西15丁目2番地12 ビッグマート B棟"
"トヤマレジャーランド呉羽店","富山県富山市高木2054","トヤマレジャーランド呉羽店 富山県富山市高木2054"
"トライセン中津","大分県中津市下池永67-3","トライセン中津 大分県中津市下池永67-3"
"トライセン萩原","大分県大分市萩原4-227-7 ACS3F","トライセン萩原 大分県大分市萩原4-227-7 ACS3F"
"ドットコム葛西","東京都江戸川区中葛西3-35-5 パーラー英2F","ドットコム葛西 東京都江戸川区中葛西3-35-5 パーラー英2F"
"ドラマ八王子高倉店","東京都八王子市高倉町55-4ドラマ八王子高倉","ドラマ八王子高倉店 東京都八王子市高倉町55-4ドラマ八王子高倉"
"ドラマ港北インター店","神奈川県横浜市都筑区東方町321-6","ドラマ港北インター店 神奈川県横浜市都筑区東方町321-6"
"ドラマ瑞穂店","東京都西多摩郡瑞穂町大字武蔵382-1ドラマ瑞穂","ドラマ瑞穂店 東京都西多摩郡瑞穂町大字武蔵382-1ドラマ瑞穂"
"ドラマ藤沢店","神奈川県藤沢市本藤沢5-6-8ドラマ藤沢","ドラマ藤沢店 神奈川県藤沢市本藤沢5-6-8ドラマ藤沢"
"ドラマ足利店","栃木県足利市朝倉町244-1ドラマ足利","ドラマ足利店 栃木県足利市朝倉町244-1ドラマ足利"
"ドリームキャンディー","三重県伊賀市小田町711","ドリームキャンディー 三重県伊賀市小田町711"
"ドリームファクトリーいわき店","福島県いわき市中央台飯野4-1MEGAドン・キホーテラパークいわき","ドリームファクトリーいわき店 福島県いわき市中央台飯野4-1MEGAドン・キホーテラパークいわき"
"ネオブラボー","山口県防府市高倉1-3-30","ネオブラボー 山口県防府市高倉1-3-30"
"ネオ・アミューズメントスペースa-cho","京都府京都市中京区寺町通四条上る東大文字町302-303A-breakビル2・3F","ネオ・アミューズメントスペースa-cho 京都府京都市中京区寺町通四条上る東大文字町302-303A-breakビル2・3F"
"ハイテクランドキューデン","東京都足立区西新井栄町2-7-2球殿2F","ハイテクランドキューデン 東京都足立区西新井栄町2-7-2球殿2F"
"ハイテクランドセガ立石","東京都葛飾区立石7-2-1ハイテクランドセガ立石","ハイテクランドセガ立石 東京都葛飾区立石7-2-1ハイテクランドセガ立石"
"ハイテクランドセガ西中島","大阪府大阪市淀川区西中島3-16-8深井センタービル1・2F","ハイテクランドセガ西中島 大阪府大阪市淀川区西中島3-16-8深井センタービル1・2F"
"ハローズガーデン加古川店","兵庫県加古川市別府町緑町2イトーヨーカドー加古川店3階","ハローズガーデン加古川店 兵庫県加古川市別府町緑町2イトーヨーカドー加古川店3階"
"ハローズガーデン厚木店","神奈川県厚木市中町1-5-10厚木ガーデンシティビル5階","ハローズガーデン厚木店 神奈川県厚木市中町1-5-10厚木ガーデンシティビル5階"
"バイパスレジャーランド加賀店","石川県加賀市箱宮町ヲ1-1","バイパスレジャーランド加賀店 石川県加賀市箱宮町ヲ1-1"
"バイパスレジャーランド藤江新館","石川県金沢市藤江南2ー105","バイパスレジャーランド藤江新館 石川県金沢市藤江南2ー105"
"バイパスレジャーランド藤江本館","石川県金沢市藤江南2-41","バイパスレジャーランド藤江本館 石川県金沢市藤江南2-41"
"パスカランド鳥栖","佐賀県佐賀県鳥栖市本鳥栖町537-1 フレスポ鳥栖店2F","パスカランド鳥栖 佐賀県佐賀県鳥栖市本鳥栖町537-1 フレスポ鳥栖店2F"
"パスカランド黒崎店","福岡県北九州市八幡西区西曲里町3-1イオンタウン黒崎 2F","パスカランド黒崎店 福岡県北九州市八幡西区西曲里町3-1イオンタウン黒崎 2F"
"パスカワールドグリーンランド店","熊本県荒尾市本井手1574-54パスカワールドグリーンランド","パスカワールドグリーンランド店 熊本県荒尾市本井手1574-54パスカワールドグリーンランド"
"パスカワールド宇土店","熊本県宇土市善道寺町綾織95宇土シティモール","パスカワールド宇土店 熊本県宇土市善道寺町綾織95宇土シティモール"
"パルケデアミーゴ","山形県山形市嶋北1-3-1","パルケデアミーゴ 山形県山形市嶋北1-3-1"
"ビッグボウル杉戸","埼玉県北葛飾郡杉戸町杉戸2338","ビッグボウル杉戸 埼玉県北葛飾郡杉戸町杉戸2338"
"ビデオゲームミュージアムロボット 深谷店","埼玉県深谷市上柴町西4-12-1キャラゲット深谷","ビデオゲームミュージアムロボット 深谷店 埼玉県深谷市上柴町西4-12-1キャラゲット深谷"
"ビバーチャ","広島県広島市中区南竹屋町10-17","ビバーチャ 広島県広島市中区南竹屋町10-17"
"ビーカム松森店","宮城県仙台市泉区松森斎兵衛58-1","ビーカム松森店 宮城県仙台市泉区松森斎兵衛58-1"
"ピタゴラス和歌山店","和歌山県和歌山市土入73-1和歌山グランドボウル","ピタゴラス和歌山店 和歌山県和歌山市土入73-1和歌山グランドボウル"
"ピンクパンサー下妻","茨城県下妻市小島884-10","ピンクパンサー下妻 茨城県下妻市小島884-10"
"ピンクパンサー土浦店","茨城県土浦市木田余4585-3ピンクパンサー土浦店","ピンクパンサー土浦店 茨城県土浦市木田余4585-3ピンクパンサー土浦店"
"ピンクパンサー日立店","茨城県日立市東多賀町5-10-10ピンクパンサー日立","ピンクパンサー日立店 茨城県日立市東多賀町5-10-10ピンクパンサー日立"
"ピンクパンサー水戸けやき台店","茨城県水戸市酒門町3276-1ピンクパンサー水戸けやき台","ピンクパンサー水戸けやき台店 茨城県水戸市酒門町3276-1ピンクパンサー水戸けやき台"
"ピンクパンサー水戸赤塚店","茨城県水戸市河和田1-1ピンクパンサー水戸赤塚","ピンクパンサー水戸赤塚店 茨城県水戸市河和田1-1ピンクパンサー水戸赤塚"
"ファンタジードーム八戸","青森県八戸市江陽2-14-1ラピア八戸別棟","ファンタジードーム八戸 青森県八戸市江陽2-14-1ラピア八戸別棟"
"ファンタジープラザ名古屋店","愛知県名古屋市北区玄馬町234-1ドン・キホーテ名古屋本店2F","ファンタジープラザ名古屋店 愛知県名古屋市北区玄馬町234-1ドン・キホーテ名古屋本店2F"
"フォルム武蔵境","東京都武蔵野市境南町2-7-20ダイアパレス第2 1F","フォルム武蔵境 東京都武蔵野市境南町2-7-20ダイアパレス第2 1F"
"フタバボウル関大前店","大阪府吹田市千里山東1-7-18","フタバボウル関大前店 大阪府吹田市千里山東1-7-18"
"フレスパランドカッタの湯","山口県宇部市海南町1675","フレスパランドカッタの湯 山口県宇部市海南町1675"
"ブラックジャックアクア店","広島県広島市安佐南区大町東4-12-11","ブラックジャックアクア店 広島県広島市安佐南区大町東4-12-11"
"ブラックジャック東広島店","広島県東広島市西条町御薗宇6120賀茂ボール","ブラックジャック東広島店 広島県東広島市西条町御薗宇6120賀茂ボール"
"プラサカプコン イオンタウン佐沼店","宮城県登米市南方町新島前46-1イオンタウン佐沼1階","プラサカプコン イオンタウン佐沼店 宮城県登米市南方町新島前46-1イオンタウン佐沼1階"
"プラサカプコン京都店","京都府京都市右京区西院追分町25-1イオン京都五条3階","プラサカプコン京都店 京都府京都市右京区西院追分町25-1イオン京都五条3階"
"プラサカプコン吉祥寺店","東京都武蔵野市吉祥寺本町1-10-1いなりやビル1階","プラサカプコン吉祥寺店 東京都武蔵野市吉祥寺本町1-10-1いなりやビル1階"
"プラサカプコン大分店","大分県大分市公園通り西2-1イオンパークプレイス大分2階","プラサカプコン大分店 大分県大分市公園通り西2-1イオンパークプレイス大分2階"
"プラサカプコン大曲店","秋田県大仙市和合坪立177イオン大曲2階","プラサカプコン大曲店 秋田県大仙市和合坪立177イオン大曲2階"
"プラサカプコン富津店","千葉県富津市青木124-1イオンモール富津","プラサカプコン富津店 千葉県富津市青木124-1イオンモール富津"
"プラサカプコン広島店","広島県広島市佐伯区石内東4-1-1ジ アウトレット広島1F","プラサカプコン広島店 広島県広島市佐伯区石内東4-1-1ジ アウトレット広島1F"
"プラサカプコン府中店","東京都府中市宮町1-41-2ミッテン府中店7階","プラサカプコン府中店 東京都府中市宮町1-41-2ミッテン府中店7階"
"プラサカプコン徳重店","愛知県名古屋市緑区元徳重1-505ヒルズウォーク徳重ガーデンズ","プラサカプコン徳重店 愛知県名古屋市緑区元徳重1-505ヒルズウォーク徳重ガーデンズ"
"プラサカプコン志都呂店","静岡県浜松市西区志都呂町2丁目37-1イオンモール浜松志都呂3階","プラサカプコン志都呂店 静岡県浜松市西区志都呂町2丁目37-1イオンモール浜松志都呂3階"
"プラサカプコン成田店","千葉県成田市ウイング土屋24イオン成田2階","プラサカプコン成田店 千葉県成田市ウイング土屋24イオン成田2階"
"プラサカプコン新居浜店","愛媛県新居浜市前田町8-8イオン新居浜2階","プラサカプコン新居浜店 愛媛県新居浜市前田町8-8イオン新居浜2階"
"プラサカプコン横須賀店","神奈川県横須賀市若松町2-30モアーズシティ4階ゲームコーナー","プラサカプコン横須賀店 神奈川県横須賀市若松町2-30モアーズシティ4階ゲームコーナー"
"プラサカプコン池袋店","東京都豊島区東池袋1-30-3 キュープラザ3階","プラサカプコン池袋店 東京都豊島区東池袋1-30-3 キュープラザ3階"
"プラサカプコン甲府店","山梨県中巨摩郡昭和町西条字北河原3717プラサカプコン甲府","プラサカプコン甲府店 山梨県中巨摩郡昭和町西条字北河原3717プラサカプコン甲府"
"プラサカプコン直方店","福岡県直方市湯野原2-1-1イオン直方2階","プラサカプコン直方店 福岡県直方市湯野原2-1-1イオン直方2階"
"プラサカプコン石巻店","宮城県石巻市蛇田新金沼170イオン石巻2階","プラサカプコン石巻店 宮城県石巻市蛇田新金沼170イオン石巻2階"
"プラサカプコン磯子店","神奈川県横浜市磯子区磯子1-1-1マリコム磯子ショッピングセンター2階","プラサカプコン磯子店 神奈川県横浜市磯子区磯子1-1-1マリコム磯子ショッピングセンター2階"
"プラサカプコン稲沢店","愛知県稲沢市長野7丁目1-2リーフウォーク稲沢2階","プラサカプコン稲沢店 愛知県稲沢市長野7丁目1-2リーフウォーク稲沢2階"
"プラサカプコン羽生店","埼玉県羽生市川崎2-281-3イオンモール羽生2階","プラサカプコン羽生店 埼玉県羽生市川崎2-281-3イオンモール羽生2階"
"プラサカプコン藤井寺店","大阪府藤井寺市岡2-10-11イオン藤井寺ショッピングセンター2F","プラサカプコン藤井寺店 大阪府藤井寺市岡2-10-11イオン藤井寺ショッピングセンター2F"
"プラサカプコン高知店","高知県高知市秦南町1丁目4番8号イオンモール高知東館3階","プラサカプコン高知店 高知県高知市秦南町1丁目4番8号イオンモール高知東館3階"
"プレイタウン・パル富士吉田店","山梨県富士吉田市新西原4丁目12-15","プレイタウン・パル富士吉田店 山梨県富士吉田市新西原4丁目12-15"
"プレイドーム松山","愛媛県松山市余戸南4丁目 9-40","プレイドーム松山 愛媛県松山市余戸南4丁目 9-40"
"プレイランドイン黒部","富山県黒部市沓掛645","プレイランドイン黒部 富山県黒部市沓掛645"
"プレイランドキング円町","京都府京都市中京区西ノ京西円町40","プレイランドキング円町 京都府京都市中京区西ノ京西円町40"
"プレビトナリエ四日市店","三重県四日市市安島1-3-31トナリエ5階","プレビトナリエ四日市店 三重県四日市市安島1-3-31トナリエ5階"
"ベネクス川越","埼玉県川越市大仙波340-1","ベネクス川越 埼玉県川越市大仙波340-1"
"ポート24八事店","愛知県名古屋市昭和区広路町北石坂102-4","ポート24八事店 愛知県名古屋市昭和区広路町北石坂102-4"
"ポート24幸田店","愛知県額田郡幸田町大字相見字沖原1-3カメリアガーデン幸田","ポート24幸田店 愛知県額田郡幸田町大字相見字沖原1-3カメリアガーデン幸田"
"ポート24浜松店","静岡県浜松市西区坪井町4183ポート24浜松","ポート24浜松店 静岡県浜松市西区坪井町4183ポート24浜松"
"マックスプラザ善通寺","香川県善通寺市中村町1798-2マックスプラザ善通寺","マックスプラザ善通寺 香川県善通寺市中村町1798-2マックスプラザ善通寺"
"マトリクス前橋","群馬県前橋市小相木町558-1","マトリクス前橋 群馬県前橋市小相木町558-1"
"マリンガーデンららぽーとTOKYO-BAY","千葉県船橋市浜町2-2-2ららぽーとTOKYO-BAY西館3F","マリンガーデンららぽーとTOKYO-BAY 千葉県船橋市浜町2-2-2ららぽーとTOKYO-BAY西館3F"
"マンガ倉庫 八代店","熊本県八代市沖町3989-1","マンガ倉庫 八代店 熊本県八代市沖町3989-1"
"マンガ倉庫 浦添店","沖縄県浦添市城間2689-1","マンガ倉庫 浦添店 沖縄県浦添市城間2689-1"
"マンガ倉庫八女","福岡県八女市吉田123","マンガ倉庫八女 福岡県八女市吉田123"
"マンガ倉庫都城","宮崎県都城市吉尾町840","マンガ倉庫都城 宮崎県都城市吉尾町840"
"マンガ倉庫飯塚店","福岡県飯塚市楽市769-1","マンガ倉庫飯塚店 福岡県飯塚市楽市769-1"
"マンガ倉庫鹿児島","鹿児島県鹿児島市小松原1-6-7","マンガ倉庫鹿児島 鹿児島県鹿児島市小松原1-6-7"
"マンガ倉庫鹿屋店","鹿児島県鹿屋市 寿 8-714-2","マンガ倉庫鹿屋店 鹿児島県鹿屋市 寿 8-714-2"
"ミラクルイン中村橋","東京都練馬区貫井1-1-2 YKビル2F","ミラクルイン中村橋 東京都練馬区貫井1-1-2 YKビル2F"
"ムトス相模原店","神奈川県相模原市中央区中央2-1-5ムトス内","ムトス相模原店 神奈川県相模原市中央区中央2-1-5ムトス内"
"メガパレス遊スペースアローズ","兵庫県神戸市西区丸塚2-9-18メガパレス2階","メガパレス遊スペースアローズ 兵庫県神戸市西区丸塚2-9-18メガパレス2階"
"メジャーロード24","新潟県見附市今町4丁目20番地568番地1メジャーロード24","メジャーロード24 新潟県見附市今町4丁目20番地568番地1メジャーロード24"
"メジャーロード白根店","新潟県新潟市南区上下諏訪木論地948-2メジャーロード白根","メジャーロード白根店 新潟県新潟市南区上下諏訪木論地948-2メジャーロード白根"
"メジャーロード黒埼店","新潟県新潟市西区山田3303メジャーロード黒埼","メジャーロード黒埼店 新潟県新潟市西区山田3303メジャーロード黒埼"
"モンキートリック","大阪府寝屋川市香里南之町32-5YNレジデンス香里2F","モンキートリック 大阪府寝屋川市香里南之町32-5YNレジデンス香里2F"
"モンテカルロ深谷店","埼玉県深谷市西島町3-1-2","モンテカルロ深谷店 埼玉県深谷市西島町3-1-2"
"モーリーファンタジーLINKS UMEDA店","大阪府大阪市北区大深町4-8LINKS UMEDA 5F","モーリーファンタジーLINKS UMEDA店 大阪府大阪市北区大深町4-8LINKS UMEDA 5F"
"モーリーファンタジーいわき店","福島県いわき市平字三倉68-1イオンいわき3階","モーリーファンタジーいわき店 福島県いわき市平字三倉68-1イオンいわき3階"
"モーリーファンタジーとなみ店","富山県砺波市中神一丁目174番地イオンモールとなみ2階","モーリーファンタジーとなみ店 富山県砺波市中神一丁目174番地イオンモールとなみ2階"
"モーリーファンタジー・f 富士南店","静岡県富士市鮫島118-10イオンタウン富士南2階","モーリーファンタジー・f 富士南店 静岡県富士市鮫島118-10イオンタウン富士南2階"
"モーリーファンタジー・f 岐阜店","岐阜県岐阜市正木中1-2-1イオン岐阜北館 イオン3F","モーリーファンタジー・f 岐阜店 岐阜県岐阜市正木中1-2-1イオン岐阜北館 イオン3F"
"モーリーファンタジー・f 新潟南店","新潟県新潟市江南区下早通柳田1丁目1番1号イオンモール新潟南2階","モーリーファンタジー・f 新潟南店 新潟県新潟市江南区下早通柳田1丁目1番1号イオンモール新潟南2階"
"モーリーファンタジー・f 新瑞橋店","愛知県名古屋市南区菊住1丁目7-10イオン新瑞橋3階","モーリーファンタジー・f 新瑞橋店 愛知県名古屋市南区菊住1丁目7-10イオン新瑞橋3階"
"モーリーファンタジー・f 綾川店","香川県綾歌郡綾川町萱原822-1イオンモール綾川3階","モーリーファンタジー・f 綾川店 香川県綾歌郡綾川町萱原822-1イオンモール綾川3階"
"モーリーファンタジー・f岡山店","岡山県岡山市北区下石井1丁目2番1号イオンモール岡山4階","モーリーファンタジー・f岡山店 岡山県岡山市北区下石井1丁目2番1号イオンモール岡山4階"
"モーリーファンタジー・f広島祇園店","広島県広島市安佐南区祇園3丁目2-1イオンモール広島祇園3階","モーリーファンタジー・f広島祇園店 広島県広島市安佐南区祇園3丁目2-1イオンモール広島祇園3階"
"モーリーファンタジー・f茨木店","大阪府茨木市松ヶ本町8-30-5イオン茨木4階","モーリーファンタジー・f茨木店 大阪府茨木市松ヶ本町8-30-5イオン茨木4階"
"モーリーファンタジー上尾店","埼玉県上尾市愛宕3-8-1イオンモール上尾2階","モーリーファンタジー上尾店 埼玉県上尾市愛宕3-8-1イオンモール上尾2階"
"モーリーファンタジー上磯店","北海道北斗市七重浜4-44-1イオン上磯1階","モーリーファンタジー上磯店 北海道北斗市七重浜4-44-1イオン上磯1階"
"モーリーファンタジー下妻店","茨城県下妻市堀籠972-1イオンモール下妻2階","モーリーファンタジー下妻店 茨城県下妻市堀籠972-1イオンモール下妻2階"
"モーリーファンタジー伊勢ララパーク店","三重県伊勢市小木町曽弥538イオンタウン伊勢ララパーク2階","モーリーファンタジー伊勢ララパーク店 三重県伊勢市小木町曽弥538イオンタウン伊勢ララパーク2階"
"モーリーファンタジー北戸田店","埼玉県戸田市美女木東1-3-1イオン北戸田2階","モーリーファンタジー北戸田店 埼玉県戸田市美女木東1-3-1イオン北戸田2階"
"モーリーファンタジー大塔店","長崎県佐世保市大塔町14-2イオン大塔3階","モーリーファンタジー大塔店 長崎県佐世保市大塔町14-2イオン大塔3階"
"モーリーファンタジー姫路大津店","兵庫県姫路市大津区大津町2丁目5番イオンモール姫路大津2階","モーリーファンタジー姫路大津店 兵庫県姫路市大津区大津町2丁目5番イオンモール姫路大津2階"
"モーリーファンタジー富士宮店","静岡県富士宮市浅間町1-8イオン富士宮2階","モーリーファンタジー富士宮店 静岡県富士宮市浅間町1-8イオン富士宮2階"
"モーリーファンタジー川崎店","神奈川県川崎市幸区小倉5-19-23クロスガーデン川崎","モーリーファンタジー川崎店 神奈川県川崎市幸区小倉5-19-23クロスガーデン川崎"
"モーリーファンタジー延岡店","宮崎県延岡市旭町2-2-1イオン延岡2階","モーリーファンタジー延岡店 宮崎県延岡市旭町2-2-1イオン延岡2階"
"モーリーファンタジー旭川西店","北海道旭川市緑町23-2161-3イオン旭川西2階","モーリーファンタジー旭川西店 北海道旭川市緑町23-2161-3イオン旭川西2階"
"モーリーファンタジー明石店","兵庫県明石市大久保町ゆりのき通り2-3-1イオン明石ショッピングセンター3階","モーリーファンタジー明石店 兵庫県明石市大久保町ゆりのき通り2-3-1イオン明石ショッピングセンター3階"
"モーリーファンタジー木更津店","千葉県木更津市築地1-4イオンモール木更津","モーリーファンタジー木更津店 千葉県木更津市築地1-4イオンモール木更津"
"モーリーファンタジー東久留米店","東京都東久留米市南沢5-17イオン東久留米3階","モーリーファンタジー東久留米店 東京都東久留米市南沢5-17イオン東久留米3階"
"モーリーファンタジー熊本店","熊本県上益城郡嘉島町上島字長池2232イオン熊本2階","モーリーファンタジー熊本店 熊本県上益城郡嘉島町上島字長池2232イオン熊本2階"
"モーリーファンタジー豊橋南店","愛知県豊橋市野依町字落合1-12イオン豊橋南2階","モーリーファンタジー豊橋南店 愛知県豊橋市野依町字落合1-12イオン豊橋南2階"
"モーリーファンタジー那覇店","沖縄県那覇市金城5-10-2イオン那覇3階","モーリーファンタジー那覇店 沖縄県那覇市金城5-10-2イオン那覇3階"
"モーリーファンタジー郡山フェスタ店","福島県郡山市日和田町字小原1イオン郡山フェスタ1階","モーリーファンタジー郡山フェスタ店 福島県郡山市日和田町字小原1イオン郡山フェスタ1階"
"モーリーファンタジー高の原店","京都府木津川市相楽台1-1-1イオン高の原4階","モーリーファンタジー高の原店 京都府木津川市相楽台1-1-1イオン高の原4階"
"モーリーファンタジー鹿児島店","鹿児島県鹿児島市東開町7イオンモール鹿児島3階","モーリーファンタジー鹿児島店 鹿児島県鹿児島市東開町7イオンモール鹿児島3階"
"ユーズランド三光店","大分県中津市三光佐知1032イオンモール三光2階","ユーズランド三光店 大分県中津市三光佐知1032イオンモール三光2階"
"ユーズランド下田店","青森県上北郡おいらせ町中野平40-1イオン下田1階","ユーズランド下田店 青森県上北郡おいらせ町中野平40-1イオン下田1階"
"ユーズランド倉敷店","岡山県倉敷市水江1番地イオンモール倉敷2階","ユーズランド倉敷店 岡山県倉敷市水江1番地イオンモール倉敷2階"
"ユーズランド和歌山店","和歌山県和歌山市中字楠谷573番地イオン和歌山","ユーズランド和歌山店 和歌山県和歌山市中字楠谷573番地イオン和歌山"
"ユーズランド大河原店","宮城県柴田郡大河原町小島2-1フォルテ2階","ユーズランド大河原店 宮城県柴田郡大河原町小島2-1フォルテ2階"
"ユーズランド太田店","群馬県太田市石原町81番地イオンモール太田2階","ユーズランド太田店 群馬県太田市石原町81番地イオンモール太田2階"
"ユーズランド日の出店","東京都西多摩郡日の出町平井三吉野桜木557番地イオンモール日の出3階","ユーズランド日の出店 東京都西多摩郡日の出町平井三吉野桜木557番地イオンモール日の出3階"
"ユーズランド春日部店","埼玉県春日部市下柳420-1イオンモール春日部2F","ユーズランド春日部店 埼玉県春日部市下柳420-1イオンモール春日部2F"
"ユーズランド東浦店","愛知県愛知県知多郡東浦町大字緒川字旭13-2イオンモール東浦2階","ユーズランド東浦店 愛知県愛知県知多郡東浦町大字緒川字旭13-2イオンモール東浦2階"
"ユーズランド水戸内原店","茨城県水戸市内原2丁目1番地イオン水戸内原2階","ユーズランド水戸内原店 茨城県水戸市内原2丁目1番地イオン水戸内原2階"
"ユーズランド越谷店","埼玉県越谷市レイクタウン4-2-2イオンレイクタウンKAZE 3階","ユーズランド越谷店 埼玉県越谷市レイクタウン4-2-2イオンレイクタウンKAZE 3階"
"ユーズランド高岡店","富山県高岡市下伏間江383イオン高岡南2階","ユーズランド高岡店 富山県高岡市下伏間江383イオン高岡南2階"
"ユーズランド高崎店","群馬県高崎市棟高町1400イオン高崎2階","ユーズランド高崎店 群馬県高崎市棟高町1400イオン高崎2階"
"ラウンドワンさいたま・上里店","埼玉県児玉郡上里町大字金久保394-1","ラウンドワンさいたま・上里店 埼玉県児玉郡上里町大字金久保394-1"
"ラウンドワンさいたま・鴻巣","埼玉県鴻巣市箕田3163-7","ラウンドワンさいたま・鴻巣 埼玉県鴻巣市箕田3163-7"
"ラウンドワンららぽーと和泉店","大阪府和泉市あゆみ野4-4-7 4階ららぽーと和泉","ラウンドワンららぽーと和泉店 大阪府和泉市あゆみ野4-4-7 4階ららぽーと和泉"
"ラウンドワンららぽーと湘南平塚","神奈川県平塚市天沼10-1 ららぽーと湘南平塚3F","ラウンドワンららぽーと湘南平塚 神奈川県平塚市天沼10-1 ららぽーと湘南平塚3F"
"ラウンドワンスタジアム アリオ柏店","千葉県柏市大島田950-1セブンパークアリオ柏 1070","ラウンドワンスタジアム アリオ柏店 千葉県柏市大島田950-1セブンパークアリオ柏 1070"
"ラウンドワンスタジアム ダイバーシティ東京プラザ店","東京都江東区青海1丁目1番10号ダイバーシティ東京6階","ラウンドワンスタジアム ダイバーシティ東京プラザ店 東京都江東区青海1丁目1番10号ダイバーシティ東京6階"
"ラウンドワンスタジアム 奈良 ミ・ナーラ店","奈良県奈良市二条大路南1‐3-1 ミ・ナーラ5階","ラウンドワンスタジアム 奈良 ミ・ナーラ店 奈良県奈良市二条大路南1‐3-1 ミ・ナーラ5階"
"ラウンドワンスタジアムさいたま・栗橋","埼玉県久喜市小右衛門192-1","ラウンドワンスタジアムさいたま・栗橋 埼玉県久喜市小右衛門192-1"
"ラウンドワンスタジアムみえ・川越IC","三重県三重郡川越町南福崎851-1","ラウンドワンスタジアムみえ・川越IC 三重県三重郡川越町南福崎851-1"
"ラウンドワンスタジアムららぽーと新三郷店","埼玉県三郷市新三郷ららシティ3丁目1-1ららぽーと新三郷2階 20000番","ラウンドワンスタジアムららぽーと新三郷店 埼玉県三郷市新三郷ららシティ3丁目1-1ららぽーと新三郷2階 20000番"
"ラウンドワンスタジアムイーアス春日井","愛知県春日井市六軒屋町東丘22iias春日井 3010区画","ラウンドワンスタジアムイーアス春日井 愛知県春日井市六軒屋町東丘22iias春日井 3010区画"
"ラウンドワンスタジアム上尾店","埼玉県上尾市大字平塚917番地1","ラウンドワンスタジアム上尾店 埼玉県上尾市大字平塚917番地1"
"ラウンドワンスタジアム中川1号線","愛知県名古屋市中川区法蔵町2-23","ラウンドワンスタジアム中川1号線 愛知県名古屋市中川区法蔵町2-23"
"ラウンドワンスタジアム京都伏見店","京都府京都市伏見区下鳥羽平塚町23","ラウンドワンスタジアム京都伏見店 京都府京都市伏見区下鳥羽平塚町23"
"ラウンドワンスタジアム佐賀店","佐賀県佐賀市兵庫町大字藤木1110","ラウンドワンスタジアム佐賀店 佐賀県佐賀市兵庫町大字藤木1110"
"ラウンドワンスタジアム入間店","埼玉県入間市小谷田3丁目7番25号","ラウンドワンスタジアム入間店 埼玉県入間市小谷田3丁目7番25号"
"ラウンドワンスタジアム函館","北海道函館市西桔梗町848-11","ラウンドワンスタジアム函館 北海道函館市西桔梗町848-11"
"ラウンドワンスタジアム前橋","群馬県前橋市天川大島町1101-1","ラウンドワンスタジアム前橋 群馬県前橋市天川大島町1101-1"
"ラウンドワンスタジアム千日前店","大阪府大阪市中央区難波1丁目3番1号ラウンドワン千日前","ラウンドワンスタジアム千日前店 大阪府大阪市中央区難波1丁目3番1号ラウンドワン千日前"
"ラウンドワンスタジアム半田店","愛知県半田市瑞穂町6丁目7番地の8","ラウンドワンスタジアム半田店 愛知県半田市瑞穂町6丁目7番地の8"
"ラウンドワンスタジアム博多半道橋店","福岡県福岡市博多区半道橋2丁目2番8号ラウンドワンスタジアム博多半道橋","ラウンドワンスタジアム博多半道橋店 福岡県福岡市博多区半道橋2丁目2番8号ラウンドワンスタジアム博多半道橋"
"ラウンドワンスタジアム名古屋西春","愛知県北名古屋市宇福寺神明15","ラウンドワンスタジアム名古屋西春 愛知県北名古屋市宇福寺神明15"
"ラウンドワンスタジアム和歌山","和歌山県和歌山市小雑賀739-3","ラウンドワンスタジアム和歌山 和歌山県和歌山市小雑賀739-3"
"ラウンドワンスタジアム城東放出","大阪府大阪市城東区今福南3-4-38","ラウンドワンスタジアム城東放出 大阪府大阪市城東区今福南3-4-38"
"ラウンドワンスタジアム堺中央環状店","大阪府堺市東区石原町2町241番ラウンドワンスタジアム堺中央環状","ラウンドワンスタジアム堺中央環状店 大阪府堺市東区石原町2町241番ラウンドワンスタジアム堺中央環状"
"ラウンドワンスタジアム堺駅前","大阪府堺市堺区戎島町4-44-3","ラウンドワンスタジアム堺駅前 大阪府堺市堺区戎島町4-44-3"
"ラウンドワンスタジアム大分","大分県大分市萩原2-13-17","ラウンドワンスタジアム大分 大分県大分市萩原2-13-17"
"ラウンドワンスタジアム宇都宮","栃木県宇都宮市江曽島町2072-1","ラウンドワンスタジアム宇都宮 栃木県宇都宮市江曽島町2072-1"
"ラウンドワンスタジアム宮崎店","宮崎県宮崎市中村東3丁目4-60","ラウンドワンスタジアム宮崎店 宮崎県宮崎市中村東3丁目4-60"
"ラウンドワンスタジアム小倉","福岡県北九州市小倉北区西港町15-65","ラウンドワンスタジアム小倉 福岡県北九州市小倉北区西港町15-65"
"ラウンドワンスタジアム岡山妹尾店","岡山県岡山市南区妹尾3413-1","ラウンドワンスタジアム岡山妹尾店 岡山県岡山市南区妹尾3413-1"
"ラウンドワンスタジアム川崎大師","神奈川県川崎市川崎区殿町1-5-1","ラウンドワンスタジアム川崎大師 神奈川県川崎市川崎区殿町1-5-1"
"ラウンドワンスタジアム新潟店","新潟県新潟市中央区美咲町2-1-38ラウンドワンスタジアム新潟","ラウンドワンスタジアム新潟店 新潟県新潟市中央区美咲町2-1-38ラウンドワンスタジアム新潟"
"ラウンドワンスタジアム旭川","北海道旭川市永山三条1-4-7","ラウンドワンスタジアム旭川 北海道旭川市永山三条1-4-7"
"ラウンドワンスタジアム朝霞店","埼玉県朝霞市膝折町2丁目16-10","ラウンドワンスタジアム朝霞店 埼玉県朝霞市膝折町2丁目16-10"
"ラウンドワンスタジアム札幌・白石本通","北海道札幌市白石区本通16-北1-50","ラウンドワンスタジアム札幌・白石本通 北海道札幌市白石区本通16-北1-50"
"ラウンドワンスタジアム札幌北21条","北海道札幌市東区北二十一条東1-1-21","ラウンドワンスタジアム札幌北21条 北海道札幌市東区北二十一条東1-1-21"
"ラウンドワンスタジアム板橋","東京都板橋区相生町16-13","ラウンドワンスタジアム板橋 東京都板橋区相生町16-13"
"ラウンドワンスタジアム枚方店","大阪府枚方市高野道1丁目20番20号フォレオひらかた","ラウンドワンスタジアム枚方店 大阪府枚方市高野道1丁目20番20号フォレオひらかた"
"ラウンドワンスタジアム沖縄・宜野湾店","沖縄県宜野湾市真志喜3-28-8","ラウンドワンスタジアム沖縄・宜野湾店 沖縄県宜野湾市真志喜3-28-8"
"ラウンドワンスタジアム浜松","静岡県浜松市東区天王町字諏訪1981-17","ラウンドワンスタジアム浜松 静岡県浜松市東区天王町字諏訪1981-17"
"ラウンドワンスタジアム盛岡","岩手県盛岡市盛岡駅西通2丁目10-35","ラウンドワンスタジアム盛岡 岩手県盛岡市盛岡駅西通2丁目10-35"
"ラウンドワンスタジアム福島","福島県福島市太田町14-18","ラウンドワンスタジアム福島 福島県福島市太田町14-18"
"ラウンドワンスタジアム秋田店","秋田県秋田市卸町1-1-2","ラウンドワンスタジアム秋田店 秋田県秋田市卸町1-1-2"
"ラウンドワンスタジアム豊橋","愛知県豊橋市大岩町字岩田27番地-2","ラウンドワンスタジアム豊橋 愛知県豊橋市大岩町字岩田27番地-2"
"ラウンドワンスタジアム郡山","福島県郡山市向河原町4-55","ラウンドワンスタジアム郡山 福島県郡山市向河原町4-55"
"ラウンドワンスタジアム金沢店","石川県金沢市横川6-120-1","ラウンドワンスタジアム金沢店 石川県金沢市横川6-120-1"
"ラウンドワンスタジアム長野店","長野県長野市東和田827番6","ラウンドワンスタジアム長野店 長野県長野市東和田827番6"
"ラウンドワンスタジアム青森店","青森県青森市浜田3-1-1ラウンドワン青森","ラウンドワンスタジアム青森店 青森県青森市浜田3-1-1ラウンドワン青森"
"ラウンドワンスタジアム高松","香川県高松市松島町2-7-43","ラウンドワンスタジアム高松 香川県高松市松島町2-7-43"
"ラウンドワンスタジアム高槻店","大阪府高槻市辻子3丁目6番4号ラウンドワンスタジアム高槻","ラウンドワンスタジアム高槻店 大阪府高槻市辻子3丁目6番4号ラウンドワンスタジアム高槻"
"ラウンドワンスタジアム鹿児島宇宿","鹿児島県鹿児島市宇宿2-2-2","ラウンドワンスタジアム鹿児島宇宿 鹿児島県鹿児島市宇宿2-2-2"
"ラウンドワンモレラ岐阜店","岐阜県本巣市三橋1100モレラ岐阜","ラウンドワンモレラ岐阜店 岐阜県本巣市三橋1100モレラ岐阜"
"ラウンドワン三宮駅前","兵庫県神戸市中央区小野柄通6-1-17","ラウンドワン三宮駅前 兵庫県神戸市中央区小野柄通6-1-17"
"ラウンドワン京都河原町","京都府京都市中京区河原町通三条下る山崎町250","ラウンドワン京都河原町 京都府京都市中京区河原町通三条下る山崎町250"
"ラウンドワン仙台苦竹","宮城県仙台市宮城野区苦竹1丁目7番10号","ラウンドワン仙台苦竹 宮城県仙台市宮城野区苦竹1丁目7番10号"
"ラウンドワン加古川","兵庫県加古川市尾上町安田325-6","ラウンドワン加古川 兵庫県加古川市尾上町安田325-6"
"ラウンドワン千種","愛知県名古屋市千種区新栄3-20-17タイホウ千種駅南ビル8F","ラウンドワン千種 愛知県名古屋市千種区新栄3-20-17タイホウ千種駅南ビル8F"
"ラウンドワン南砂店","東京都江東区南砂六丁目7番15号イオン南砂","ラウンドワン南砂店 東京都江東区南砂六丁目7番15号イオン南砂"
"ラウンドワン吉祥寺","東京都武蔵野市吉祥寺本町1-11-22","ラウンドワン吉祥寺 東京都武蔵野市吉祥寺本町1-11-22"
"ラウンドワン大野城","福岡県大野城市御笠川1-18-16","ラウンドワン大野城 福岡県大野城市御笠川1-18-16"
"ラウンドワン姫路飾磨","兵庫県姫路市飾磨区中島1-254","ラウンドワン姫路飾磨 兵庫県姫路市飾磨区中島1-254"
"ラウンドワン守口店","大阪府守口市佐太東町2-6-14ジャガーグリーン2階","ラウンドワン守口店 大阪府守口市佐太東町2-6-14ジャガーグリーン2階"
"ラウンドワン富士","静岡県富士市八代町4番15号","ラウンドワン富士 静岡県富士市八代町4番15号"
"ラウンドワン山梨・石和","山梨県笛吹市石和町広瀬737-1","ラウンドワン山梨・石和 山梨県笛吹市石和町広瀬737-1"
"ラウンドワン岸和田","大阪府岸和田市八阪町2-11-1","ラウンドワン岸和田 大阪府岸和田市八阪町2-11-1"
"ラウンドワン市原","千葉県市原市八幡北町3-5-1","ラウンドワン市原 千葉県市原市八幡北町3-5-1"
"ラウンドワン市川鬼高","千葉県市川市鬼高4-1-3","ラウンドワン市川鬼高 千葉県市川市鬼高4-1-3"
"ラウンドワン広島","広島県広島市中区立町3-11","ラウンドワン広島 広島県広島市中区立町3-11"
"ラウンドワン府中本町駅前店","東京都府中市本町1‐13‐3カネカビル","ラウンドワン府中本町駅前店 東京都府中市本町1‐13‐3カネカビル"
"ラウンドワン徳島・万代店","徳島県徳島市万代町4-19-1","ラウンドワン徳島・万代店 徳島県徳島市万代町4-19-1"
"ラウンドワン札幌すすきの","北海道札幌市中央区南五条西3-6-1","ラウンドワン札幌すすきの 北海道札幌市中央区南五条西3-6-1"
"ラウンドワン東大阪","大阪府東大阪市若江南町1-2-12","ラウンドワン東大阪 大阪府東大阪市若江南町1-2-12"
"ラウンドワン梅田","大阪府大阪市北区小松原町4-16","ラウンドワン梅田 大阪府大阪市北区小松原町4-16"
"ラウンドワン横浜駅西口","神奈川県横浜市西区南幸2-8-16","ラウンドワン横浜駅西口 神奈川県横浜市西区南幸2-8-16"
"ラウンドワン武蔵村山","東京都武蔵村山市伊奈平3-1-1","ラウンドワン武蔵村山 東京都武蔵村山市伊奈平3-1-1"
"ラウンドワン池袋","東京都豊島区東池袋1-14-1池袋スクエア内","ラウンドワン池袋 東京都豊島区東池袋1-14-1池袋スクエア内"
"ラウンドワン沖縄・南風原","沖縄県島尻郡南風原町兼城552","ラウンドワン沖縄・南風原 沖縄県島尻郡南風原町兼城552"
"ラウンドワン津・高茶屋","三重県津市高茶屋小森町277-8","ラウンドワン津・高茶屋 三重県津市高茶屋小森町277-8"
"ラウンドワン浜大津アーカス","滋賀県大津市浜町2-1浜大津アーカス","ラウンドワン浜大津アーカス 滋賀県大津市浜町2-1浜大津アーカス"
"ラウンドワン熊本店","熊本県熊本市春日7-25-15","ラウンドワン熊本店 熊本県熊本市春日7-25-15"
"ラウンドワン町田","東京都町田市森野1-13-14","ラウンドワン町田 東京都町田市森野1-13-14"
"ラウンドワン福山店","広島県福山市明神町1-14-201-9-28","ラウンドワン福山店 広島県福山市明神町1-14-201-9-28"
"ラウンドワン福岡天神","福岡県福岡市中央区天神2-6-12","ラウンドワン福岡天神 福岡県福岡市中央区天神2-6-12"
"ラウンドワン習志野","千葉県習志野市芝園1-4-5","ラウンドワン習志野 千葉県習志野市芝園1-4-5"
"ラウンドワン草加","埼玉県草加市谷塚上町204-1","ラウンドワン草加 埼玉県草加市谷塚上町204-1"
"ラウンドワン豊中","大阪府豊中市名神口1-1-1","ラウンドワン豊中 大阪府豊中市名神口1-1-1"
"ラウンドワン静岡・駿河","静岡県静岡市駿河区向手越一丁目10番1号","ラウンドワン静岡・駿河 静岡県静岡市駿河区向手越一丁目10番1号"
"ラウンドワン高津","神奈川県川崎市高津区二子4-8-1","ラウンドワン高津 神奈川県川崎市高津区二子4-8-1"
"ラウンドワン高知","高知県高知市南宝永町4-12","ラウンドワン高知 高知県高知市南宝永町4-12"
"ラウンドワン鳴海","愛知県名古屋市緑区鳴海町字杜若28","ラウンドワン鳴海 愛知県名古屋市緑区鳴海町字杜若28"
"レッツワクワク エルパ店","福井県福井市大和田町第32-24-1エルパ","レッツワクワク エルパ店 福井県福井市大和田町第32-24-1エルパ"
"上越レジャーランボウル","新潟県上越市下門前薬島827-2","上越レジャーランボウル 新潟県上越市下門前薬島827-2"
"佐原ミナミボウル","千葉県香取市佐原イ-4200","佐原ミナミボウル 千葉県香取市佐原イ-4200"
"千葉レジャーランド成東店","千葉県山武市姫島111-1","千葉レジャーランド成東店 千葉県山武市姫島111-1"
"千葉レジャーランド稲毛店","千葉県千葉市稲毛区小仲台2-5-7海宝ビル2F","千葉レジャーランド稲毛店 千葉県千葉市稲毛区小仲台2-5-7海宝ビル2F"
"千葉レジャーランド野田店","千葉県野田市吉春鎌田776-1","千葉レジャーランド野田店 千葉県野田市吉春鎌田776-1"
"半田メトロポリス","愛知県半田市旭町3-11-1半田コロナワールド","半田メトロポリス 愛知県半田市旭町3-11-1半田コロナワールド"
"名古屋レジャーランド内田橋","愛知県名古屋市南区2-26-22トスカビル 2F","名古屋レジャーランド内田橋 愛知県名古屋市南区2-26-22トスカビル 2F"
"名古屋レジャーランド大高店","愛知県名古屋市緑区大高町忠治山201番地","名古屋レジャーランド大高店 愛知県名古屋市緑区大高町忠治山201番地"
"埼玉レジャーランド大宮ラクーン店","埼玉県さいたま市大宮区宮町1-60 大宮ラクーン5F","埼玉レジャーランド大宮ラクーン店 埼玉県さいたま市大宮区宮町1-60 大宮ラクーン5F"
"埼玉レジャーランド春日部店","埼玉県春日部市増富谷際163-1","埼玉レジャーランド春日部店 埼玉県春日部市増富谷際163-1"
"大垣メトロポリス","岐阜県大垣市三塚町西沼523-1イオンタウン大垣","大垣メトロポリス 岐阜県大垣市三塚町西沼523-1イオンタウン大垣"
"大田原スポーツランド","栃木県那須塩原市一区町104-60","大田原スポーツランド 栃木県那須塩原市一区町104-60"
"天王寺パスカ店","大阪府大阪市阿倍野区阿倍野筋2-4-51天王寺パスカ","天王寺パスカ店 大阪府大阪市阿倍野区阿倍野筋2-4-51天王寺パスカ"
"安城メトロポリス","愛知県安城市浜富町6-8安城メトロポリス","安城メトロポリス 愛知県安城市浜富町6-8安城メトロポリス"
"宝島 浦和美園店","埼玉県さいたま市緑区美園5-50-1イオンモール浦和美園 2F","宝島 浦和美園店 埼玉県さいたま市緑区美園5-50-1イオンモール浦和美園 2F"
"宝島 瑞江店","東京都江戸川区瑞江2-1-2ドン・キホーテラパーク瑞江4階","宝島 瑞江店 東京都江戸川区瑞江2-1-2ドン・キホーテラパーク瑞江4階"
"宮西スタジアムII","愛媛県松山市宮西2-4-41","宮西スタジアムII 愛媛県松山市宮西2-4-41"
"富山レジャーランド射水店","富山県射水市小島3724-1 大阪屋ショップアプリオ2階","富山レジャーランド射水店 富山県射水市小島3724-1 大阪屋ショップアプリオ2階"
"小牧メトロポリス","愛知県小牧市間々片山181-1タイムトラベル館","小牧メトロポリス 愛知県小牧市間々片山181-1タイムトラベル館"
"小田原メトロポリス","神奈川県小田原市前川219-4小田原メトロポリス","小田原メトロポリス 神奈川県小田原市前川219-4小田原メトロポリス"
"岐阜レジャーランド穂積店","岐阜県瑞穂市稲里630番地","岐阜レジャーランド穂積店 岐阜県瑞穂市稲里630番地"
"新宿スポーツランド本館","東京都新宿区新宿3-22-12","新宿スポーツランド本館 東京都新宿区新宿3-22-12"
"星狩物語岸和田","大阪府岸和田市作才町1-3-2","星狩物語岸和田 大阪府岸和田市作才町1-3-2"
"最後の5ドル","福岡県糟屋郡粕屋町大字仲原2706","最後の5ドル 福岡県糟屋郡粕屋町大字仲原2706"
"本八幡ゲームUNO","千葉県市川市八幡2-16-6八幡旗ビルB1F","本八幡ゲームUNO 千葉県市川市八幡2-16-6八幡旗ビルB1F"
"東京レジャーランド亀有店","東京都葛飾区亀有3-21-2","東京レジャーランド亀有店 東京都葛飾区亀有3-21-2"
"東京レジャーランド吉祥寺店","東京都武蔵野市吉祥寺本町1-3-7YSビル地下1階4階","東京レジャーランド吉祥寺店 東京都武蔵野市吉祥寺本町1-3-7YSビル地下1階4階"
"東京レジャーランド秋葉原2号店","東京都千代田区外神田4丁目3-3ミナミビル6階","東京レジャーランド秋葉原2号店 東京都千代田区外神田4丁目3-3ミナミビル6階"
"東京レジャーランド秋葉原店","東京都千代田区外神田1-9-5","東京レジャーランド秋葉原店 東京都千代田区外神田1-9-5"
"柏ヤングボウル","千葉県柏市南柏中央11-1","柏ヤングボウル 千葉県柏市南柏中央11-1"
"楽市楽座210トリアス店","福岡県糟屋郡久山町山田990楽市楽座210トリアス","楽市楽座210トリアス店 福岡県糟屋郡久山町山田990楽市楽座210トリアス"
"楽市楽座303佐賀大和店","佐賀県佐賀市大和町尼寺2965イオン佐賀大和","楽市楽座303佐賀大和店 佐賀県佐賀市大和町尼寺2965イオン佐賀大和"
"楽市楽座くりえいと宗像店","福岡県宗像市くりえいと1丁目4番4号","楽市楽座くりえいと宗像店 福岡県宗像市くりえいと1丁目4番4号"
"楽市楽座イオンモール宮崎店","宮崎県宮崎市新別府町江口862-1イオン宮崎2階区画№231","楽市楽座イオンモール宮崎店 宮崎県宮崎市新別府町江口862-1イオン宮崎2階区画№231"
"楽市楽座サンストリート浜北店","静岡県浜松市浜北区平口2861サンストリート浜北M-207","楽市楽座サンストリート浜北店 静岡県浜松市浜北区平口2861サンストリート浜北M-207"
"楽市楽座湘南藤沢店","神奈川県藤沢市辻堂新町4-3-5MrMAX湘南藤沢ショッピングセンター2階","楽市楽座湘南藤沢店 神奈川県藤沢市辻堂新町4-3-5MrMAX湘南藤沢ショッピングセンター2階"
"楽市楽座砂津店","福岡県北九州市小倉北区砂津3丁目1-1チャチャタウン小倉B棟3階","楽市楽座砂津店 福岡県北九州市小倉北区砂津3丁目1-1チャチャタウン小倉B棟3階"
"楽市楽座福重店","福岡県福岡市西区石丸4-263-1楽市楽座福重","楽市楽座福重店 福岡県福岡市西区石丸4-263-1楽市楽座福重"
"楽市楽座行橋店","福岡県行橋市西泉6-1-1コスタ行橋","楽市楽座行橋店 福岡県行橋市西泉6-1-1コスタ行橋"
"楽市街道くるめ店","福岡県久留米市新合川2-7-10楽市街道くるめ1階","楽市街道くるめ店 福岡県久留米市新合川2-7-10楽市街道くるめ1階"
"楽市街道名古屋店","愛知県北名古屋市中之郷字神明45-1楽市街道名古屋","楽市街道名古屋店 愛知県北名古屋市中之郷字神明45-1楽市街道名古屋"
"楽市街道箱崎店2F","福岡県福岡市東区箱崎5丁目1番8号楽市街道箱崎","楽市街道箱崎店2F 福岡県福岡市東区箱崎5丁目1番8号楽市街道箱崎"
"泉大津フタバボウル","大阪府泉大津市松之浜町1丁目2番53号泉大津フタバボウル","泉大津フタバボウル 大阪府泉大津市松之浜町1丁目2番53号泉大津フタバボウル"
"滋賀レジャーランド大津","滋賀県大津市におの浜3-1-43","滋賀レジャーランド大津 滋賀県大津市におの浜3-1-43"
"神奈川レジャーランド厚木店","神奈川県厚木市戸室5-31-1","神奈川レジャーランド厚木店 神奈川県厚木市戸室5-31-1"
"福井レジャーランドワイプラザ店","福井県福井市新保町北1ー303ヤスサキワイプラザB棟2階","福井レジャーランドワイプラザ店 福井県福井市新保町北1ー303ヤスサキワイプラザB棟2階"
"福井レジャーランド板垣店","福井県福井市下馬3-101","福井レジャーランド板垣店 福井県福井市下馬3-101"
"福山メトロポリス","広島県福山市一文字町24-1福山コロナワールド","福山メトロポリス 広島県福山市一文字町24-1福山コロナワールド"
"群馬レジャーランド伊勢崎店","群馬県伊勢崎市連取町3066-1","群馬レジャーランド伊勢崎店 群馬県伊勢崎市連取町3066-1"
"群馬レジャーランド太田店","群馬県太田市西矢島町162ー2","群馬レジャーランド太田店 群馬県太田市西矢島町162ー2"
"群馬レジャーランド渋川店","群馬県渋川市八木原1364","群馬レジャーランド渋川店 群馬県渋川市八木原1364"
"群馬レジャーランド藤岡","群馬県藤岡市中2002-1","群馬レジャーランド藤岡 群馬県藤岡市中2002-1"
"群馬レジャーランド高崎駅東口店","群馬県高崎市江木町333-1高崎EXビル","群馬レジャーランド高崎駅東口店 群馬県高崎市江木町333-1高崎EXビル"
"西日暮里GAMESPOTVERSUS","東京都荒川区西日暮里5-15-10 今井ビル3F","西日暮里GAMESPOTVERSUS 東京都荒川区西日暮里5-15-10 今井ビル3F"
"豊川メトロポリス","愛知県豊川市下長山町上アライ14-1豊川コロナワールド","豊川メトロポリス 愛知県豊川市下長山町上アライ14-1豊川コロナワールド"
"遊スペーススプラ(メガコート)","兵庫県加古川市尾上町安田351-1メガコート加古川","遊スペーススプラ(メガコート) 兵庫県加古川市尾上町安田351-1メガコート加古川"
"遊スペースマジカル","兵庫県神戸市中央区琴ノ緒町5丁目2-3","遊スペースマジカル 兵庫県神戸市中央区琴ノ緒町5丁目2-3"
"遊ランド 春光店","北海道旭川市春光1条7丁目","遊ランド 春光店 北海道旭川市春光1条7丁目"
"遊ランド稚内店","北海道稚内市港5丁目8-15","遊ランド稚内店 北海道稚内市港5丁目8-15"
"遊ランド西御料店","北海道旭川市西御料5条2丁目64-19遊ランド西御料","遊ランド西御料店 北海道旭川市西御料5条2丁目64-19遊ランド西御料"
"遊楽舎 姫路花田店","兵庫県姫路市花田町上原田2-1 ビッグエムワン2F","遊楽舎 姫路花田店 兵庫県姫路市花田町上原田2-1 ビッグエムワン2F"
"遊道楽嘉瀬店","佐賀県佐賀市嘉瀬町大字中原2488-1遊道楽嘉瀬","遊道楽嘉瀬店 佐賀県佐賀市嘉瀬町大字中原2488-1遊道楽嘉瀬"
"遊道楽新合川店","福岡県久留米市新合川1-6-7","遊道楽新合川店 福岡県久留米市新合川1-6-7"
"遊道楽時津","長崎県西彼杵郡時津町元村郷863-10","遊道楽時津 長崎県西彼杵郡時津町元村郷863-10"
